SAMPLE_DATE,DATA_PROVIDER,SAMPLE_NAME,Lake Name,INFO_TYPE,HAB_STATUS,Bloom Extent,Latitude,Longitude,DOMINANT ALGAL SPECIES,MICROCYSTIN,FP_BG,FP_TOT,FP_CRYP,FP_GREEN,FP_DIA,LAB_NAME_CODE,Station.Name,REMARK
6/23/2019,CSL,19-139.1-01,Skaneateles Lake,OW,NO_BLOOM,NOT REPORTED,42.918062,-76.415406,NA,NA,0,1.7,0,0.5,1.2,UFI,Skaneateles Lake Site 1 Epi,
6/24/2019,CSL,19-139.2-01,Skaneateles Lake,OW,NO_BLOOM,NOT REPORTED,42.801633,-76.292495,NA,NA,0,2.1,0,0.7,1.4,UFI,Skaneateles Lake Site 2 Epi,
7/7/2019,SKA,NA,Skaneateles Lake,RT,NO_BLOOM,NO BLOOM PRESENT,42.74179,-76.31825,NA,NA,NA,NA,NA,NA,NA,NA,NA,
7/8/2019,CSL,19-139.2-02,Skaneateles Lake,OW,NO_BLOOM,OPEN WATER,42.801633,-76.292495,NA,NA,0,0.6,0.1,0.4,0.2,UFI,Skaneateles Lake Site 2 Epi,
7/9/2019,CSL,19-139.1-02,Skaneateles Lake,OW,NO_BLOOM,OPEN WATER,42.918062,-76.415406,NA,NA,0,0.8,0,0.4,0.4,UFI,Skaneateles Lake Site 1 Epi,
7/14/2019,SKA,NA,Skaneateles Lake,RT,NO_BLOOM,NO BLOOM PRESENT,42.9736,-85.93232,NA,NA,NA,NA,NA,NA,NA,NA,NA,
7/15/2019,SKA,NA,Skaneateles Lake,RT,NO_BLOOM,NO BLOOM PRESENT,71.90741,-72.14883,NA,NA,NA,NA,NA,NA,NA,NA,NA,
7/15/2019,SKA,NA,Skaneateles Lake,RT,NO_BLOOM,NO BLOOM PRESENT,42.8382,-76.35908,NA,NA,NA,NA,NA,NA,NA,NA,NA,
7/15/2019,SKA,NA,Skaneateles Lake,RT,NO_BLOOM,NO BLOOM PRESENT,42.78897,-76.31809,NA,NA,NA,NA,NA,NA,NA,NA,NA,
7/15/2019,SKA,NA,Skaneateles Lake,RT,NO_BLOOM,NO BLOOM PRESENT,42.83813,-76.3317,NA,NA,NA,NA,NA,NA,NA,NA,NA,
7/15/2019,SKA,NA,Skaneateles Lake,RT,NO_BLOOM,NO BLOOM PRESENT,42.83884,-76.35529,NA,NA,NA,NA,NA,NA,NA,NA,NA,
7/15/2019,SKA,NA,Skaneateles Lake,RT,NO_BLOOM,NO BLOOM PRESENT,42.85124,-76.33751,NA,NA,NA,NA,NA,NA,NA,NA,NA,
7/15/2019,SKA,NA,Skaneateles Lake,RT,NO_BLOOM,NO BLOOM PRESENT,42.76561,-76.26973,NA,NA,NA,NA,NA,NA,NA,NA,NA,
7/15/2019,SKA,NA,Skaneateles Lake,RT,NO_BLOOM,NO BLOOM PRESENT,42.87566,-76.40856,NA,NA,NA,NA,NA,NA,NA,NA,NA,
7/15/2019,SKA,NA,Skaneateles Lake,RT,NO_BLOOM,NO BLOOM PRESENT,42.76464,-76.269849,NA,NA,NA,NA,NA,NA,NA,NA,NA,
7/15/2019,SKA,NA,Skaneateles Lake,RT,NO_BLOOM,NO BLOOM PRESENT,42.86776,-76.36758,NA,NA,NA,NA,NA,NA,NA,NA,NA,
7/15/2019,SKA,NA,Skaneateles Lake,RT,NO_BLOOM,NO BLOOM PRESENT,42.89077,-76.38619,NA,NA,NA,NA,NA,NA,NA,NA,NA,
7/15/2019,SKA,NA,Skaneateles Lake,RT,NO_BLOOM,NO BLOOM PRESENT,42.9301,-76.4264,NA,NA,NA,NA,NA,NA,NA,NA,NA,
7/15/2019,SKA,NA,Skaneateles Lake,RT,NO_BLOOM,NO BLOOM PRESENT,42.80346,143.89893,NA,NA,NA,NA,NA,NA,NA,NA,NA,
7/15/2019,SKA,NA,Skaneateles Lake,RT,NO_BLOOM,NO BLOOM PRESENT,42.81426,-76.31854,NA,NA,NA,NA,NA,NA,NA,NA,NA,
7/16/2019,SKA,NA,Skaneateles Lake,RT,NO_BLOOM,NO BLOOM PRESENT,42.922,-76.4299,NA,NA,NA,NA,NA,NA,NA,NA,NA,
7/16/2019,SKA,NA,Skaneateles Lake,RT,NO_BLOOM,NO BLOOM PRESENT,42.9033,-76.39473,NA,NA,NA,NA,NA,NA,NA,NA,NA,
7/16/2019,SKA,NA,Skaneateles Lake,RT,NO_BLOOM,NO BLOOM PRESENT,42.94507,-76.42824,NA,NA,NA,NA,NA,NA,NA,NA,NA,
7/16/2019,SKA,NA,Skaneateles Lake,RT,NO_BLOOM,NO BLOOM PRESENT,42.83548,-76.41382,NA,NA,NA,NA,NA,NA,NA,NA,NA,
7/16/2019,SKA,NA,Skaneateles Lake,RT,NO_BLOOM,NO BLOOM PRESENT,42.85326,-76.34812,NA,NA,NA,NA,NA,NA,NA,NA,NA,
7/18/2019,SKA,NA,Skaneateles Lake,RT,NO_BLOOM,NO BLOOM PRESENT,42.90809,-76.39592,NA,NA,NA,NA,NA,NA,NA,NA,NA,
7/19/2019,SKA,NA,Skaneateles Lake,RT,NO_BLOOM,NO BLOOM PRESENT,42.81377,-76.3164,NA,NA,NA,NA,NA,NA,NA,NA,NA,
7/20/2019,SKA,NA,Skaneateles Lake,RT,NO_BLOOM,NO BLOOM PRESENT,42.8622,-76.4003,NA,NA,NA,NA,NA,NA,NA,NA,NA,
7/21/2019,SKA,NA,Skaneateles Lake,RT,NO_BLOOM,NO BLOOM PRESENT,42.78323,-76.27177,NA,NA,NA,NA,NA,NA,NA,NA,NA,
7/21/2019,SKA,NA,Skaneateles Lake,RT,NO_BLOOM,NO BLOOM PRESENT,16.35505,22.40662,NA,NA,NA,NA,NA,NA,NA,NA,NA,
7/22/2019,SKA,NA,Skaneateles Lake,RT,NO_BLOOM,NO BLOOM PRESENT,42.96839,-76.69817,NA,NA,NA,NA,NA,NA,NA,NA,NA,
7/22/2019,SKA,NA,Skaneateles Lake,RT,NO_BLOOM,NO BLOOM PRESENT,42.82478,-76.33438,NA,NA,NA,NA,NA,NA,NA,NA,NA,
7/22/2019,SKA,NA,Skaneateles Lake,RT,NO_BLOOM,NO BLOOM PRESENT,42.78843,-76.50711,NA,NA,NA,NA,NA,NA,NA,NA,NA,
7/22/2019,SKA,NA,Skaneateles Lake,RT,NO_BLOOM,NO BLOOM PRESENT,43.65123,-78.92574,NA,NA,NA,NA,NA,NA,NA,NA,NA,
7/22/2019,SKA,NA,Skaneateles Lake,RT,NO_BLOOM,NO BLOOM PRESENT,42.9033,-76.39473,NA,NA,NA,NA,NA,NA,NA,NA,NA,
7/22/2019,SKA,NA,Skaneateles Lake,RT,NO_BLOOM,NO BLOOM PRESENT,42.89077,-76.38619,NA,NA,NA,NA,NA,NA,NA,NA,NA,
7/22/2019,SKA,NA,Skaneateles Lake,RT,NO_BLOOM,NO BLOOM PRESENT,42.922,-76.4299,NA,NA,NA,NA,NA,NA,NA,NA,NA,
7/22/2019,SKA,NA,Skaneateles Lake,RT,NO_BLOOM,NO BLOOM PRESENT,42.8368,-76.3083,NA,NA,NA,NA,NA,NA,NA,NA,NA,
7/22/2019,SKA,NA,Skaneateles Lake,RT,NO_BLOOM,NO BLOOM PRESENT,40.37755,-111.87212,NA,NA,NA,NA,NA,NA,NA,NA,NA,
7/22/2019,SKA,NA,Skaneateles Lake,RT,NO_BLOOM,NO BLOOM PRESENT,42.81045,-76.31249,NA,NA,NA,NA,NA,NA,NA,NA,NA,
7/22/2019,SKA,NA,Skaneateles Lake,RT,NO_BLOOM,NO BLOOM PRESENT,43.46549,-75.61668,NA,NA,NA,NA,NA,NA,NA,NA,NA,
7/22/2019,SKA,NA,Skaneateles Lake,RT,NO_BLOOM,NO BLOOM PRESENT,42.84563,-76.33945,NA,NA,NA,NA,NA,NA,NA,NA,NA,
7/22/2019,SKA,NA,Skaneateles Lake,RT,NO_BLOOM,NO BLOOM PRESENT,42.87559,-76.40622,NA,NA,NA,NA,NA,NA,NA,NA,NA,
7/22/2019,SKA,NA,Skaneateles Lake,RT,NO_BLOOM,NO BLOOM PRESENT,9.50021,-28.63937,NA,NA,NA,NA,NA,NA,NA,NA,NA,
7/23/2019,CSL,19-139.1-03,Skaneateles Lake,OW,NO_BLOOM,NO BLOOM PRESENT,42.918062,-76.415406,NA,NA,0,1.9,0,0.9,1,UFI,Skaneateles Lake Site 1 Epi,
7/23/2019,CSL,19-139.2-03,Skaneateles Lake,OW,NO_BLOOM,NO BLOOM PRESENT,42.801633,-76.292495,NA,NA,0,1.7,0,0.9,0.8,UFI,Skaneateles Lake Site 2 Epi,
7/23/2019,SKA,NA,Skaneateles Lake,RT,NO_BLOOM,NO BLOOM PRESENT,42.35595,-77.83127,NA,NA,NA,NA,NA,NA,NA,NA,NA,
7/23/2019,SKA,NA,Skaneateles Lake,RT,NO_BLOOM,NO BLOOM PRESENT,42.8333,-76.3229,NA,NA,NA,NA,NA,NA,NA,NA,NA,
7/24/2019,SKA,NA,Skaneateles Lake,RT,NO_BLOOM,NO BLOOM PRESENT,42.83548,-76.41382,NA,NA,NA,NA,NA,NA,NA,NA,NA,
7/24/2019,SKA,NA,Skaneateles Lake,RT,NO_BLOOM,NO BLOOM PRESENT,42.94501,-76.43054,NA,NA,NA,NA,NA,NA,NA,NA,NA,
7/25/2019,SKA,NA,Skaneateles Lake,RT,NO_BLOOM,NO BLOOM PRESENT,42.76561,-76.26973,NA,NA,NA,NA,NA,NA,NA,NA,NA,
7/25/2019,SKA,NA,Skaneateles Lake,RT,NO_BLOOM,NO BLOOM PRESENT,42.90809,-76.39592,NA,NA,NA,NA,NA,NA,NA,NA,NA,
7/25/2019,SKA,NA,Skaneateles Lake,RT,NO_BLOOM,NO BLOOM PRESENT,42.8382,-76.3544,NA,NA,NA,NA,NA,NA,NA,NA,NA,
7/27/2019,SKA,NA,Skaneateles Lake,RT,NO_BLOOM,NO BLOOM PRESENT,42.94481,-76.42683,NA,NA,NA,NA,NA,NA,NA,NA,NA,
7/28/2019,SKA,NA,Skaneateles Lake,RT,NO_BLOOM,NO BLOOM PRESENT,42.83813,-76.3317,NA,NA,NA,NA,NA,NA,NA,NA,NA,
7/29/2019,SKA,NA,Skaneateles Lake,RT,NO_BLOOM,NO BLOOM PRESENT,42.87258,-76.55212,NA,NA,NA,NA,NA,NA,NA,NA,NA,
7/29/2019,SKA,NA,Skaneateles Lake,RT,NO_BLOOM,NO BLOOM PRESENT,42.922,-76.4299,NA,NA,NA,NA,NA,NA,NA,NA,NA,
7/29/2019,SKA,NA,Skaneateles Lake,RT,NO_BLOOM,NO BLOOM PRESENT,76.4969,-81.69544,NA,NA,NA,NA,NA,NA,NA,NA,NA,
7/29/2019,SKA,NA,Skaneateles Lake,RT,NO_BLOOM,NO BLOOM PRESENT,42.86776,-76.36758,NA,NA,NA,NA,NA,NA,NA,NA,NA,
7/29/2019,SKA,NA,Skaneateles Lake,RT,NO_BLOOM,NO BLOOM PRESENT,42.8333,-76.3229,NA,NA,NA,NA,NA,NA,NA,NA,NA,
7/29/2019,SKA,NA,Skaneateles Lake,RT,NO_BLOOM,NO BLOOM PRESENT,42.9033,-76.39473,NA,NA,NA,NA,NA,NA,NA,NA,NA,
7/29/2019,SKA,NA,Skaneateles Lake,RT,NO_BLOOM,NO BLOOM PRESENT,42.89071,-76.38678,NA,NA,NA,NA,NA,NA,NA,NA,NA,
7/29/2019,SKA,NA,Skaneateles Lake,RT,NO_BLOOM,NO BLOOM PRESENT,43.23969,-76.27119,NA,NA,NA,NA,NA,NA,NA,NA,NA,
7/29/2019,SKA,NA,Skaneateles Lake,RT,NO_BLOOM,NO BLOOM PRESENT,42.8591,-76.354936,NA,NA,NA,NA,NA,NA,NA,NA,NA,
7/29/2019,SKA,NA,Skaneateles Lake,RT,NO_BLOOM,NO BLOOM PRESENT,43.01786,-76.66397,NA,NA,NA,NA,NA,NA,NA,NA,NA,
7/29/2019,SKA,NA,Skaneateles Lake,RT,NO_BLOOM,NO BLOOM PRESENT,42.81052,-76.31225,NA,NA,NA,NA,NA,NA,NA,NA,NA,
7/29/2019,SKA,NA,Skaneateles Lake,RT,NO_BLOOM,NO BLOOM PRESENT,42.81409,-76.31785,NA,NA,NA,NA,NA,NA,NA,NA,NA,
7/29/2019,SKA,NA,Skaneateles Lake,RT,NO_BLOOM,NO BLOOM PRESENT,39.12271,-72.30927,NA,NA,NA,NA,NA,NA,NA,NA,NA,
7/30/2019,SKA,NA,Skaneateles Lake,RT,NO_BLOOM,NO BLOOM PRESENT,42.85326,-76.34812,NA,NA,NA,NA,NA,NA,NA,NA,NA,
7/31/2019,SKA,NA,Skaneateles Lake,RT,NO_BLOOM,NO BLOOM PRESENT,42.922,-76.4299,NA,NA,NA,NA,NA,NA,NA,NA,NA,
7/31/2019,SKA,NA,Skaneateles Lake,RT,NO_BLOOM,NO BLOOM PRESENT,42.94484,-76.42828,NA,NA,NA,NA,NA,NA,NA,NA,NA,
8/1/2019,SKA,NA,Skaneateles Lake,RT,NO_BLOOM,NO BLOOM PRESENT,42.93527,-76.41385,NA,NA,NA,NA,NA,NA,NA,NA,NA,
8/3/2019,CSL,19-139.2-04,Skaneateles Lake,OW,NO_BLOOM,OPEN WATER,42.801633,-76.292495,NA,NA,0,1.5,0.1,1.3,0.1,UFI,Skaneateles Lake Site 2 Epi,
8/3/2019,SKA,NA,Skaneateles Lake,RT,NO_BLOOM,NO BLOOM PRESENT,42.90809,-76.39592,NA,NA,NA,NA,NA,NA,NA,NA,NA,
8/4/2019,SKA,NA,Skaneateles Lake,RT,NO_BLOOM,SMALL LOCALIZED,42.8382,-76.35908,NA,NA,NA,NA,NA,NA,NA,NA,NA,
8/4/2019,SKA,NA,Skaneateles Lake,RT,NO_BLOOM,NO BLOOM PRESENT,42.8382,-76.35908,NA,NA,NA,NA,NA,NA,NA,NA,NA,
8/5/2019,SKA,NA,Skaneateles Lake,RT,NO_BLOOM,NO BLOOM PRESENT,42.81072,-76.31536,NA,NA,NA,NA,NA,NA,NA,NA,NA,
8/5/2019,SKA,NA,Skaneateles Lake,RT,NO_BLOOM,NO BLOOM PRESENT,42.875595,-76.406222,NA,NA,NA,NA,NA,NA,NA,NA,NA,
8/5/2019,SKA,NA,Skaneateles Lake,RT,NO_BLOOM,NO BLOOM PRESENT,42.8382,-76.35908,NA,NA,NA,NA,NA,NA,NA,NA,NA,
8/5/2019,SKA,NA,Skaneateles Lake,RT,NO_BLOOM,NO BLOOM PRESENT,42.91703,-75.25823,NA,NA,NA,NA,NA,NA,NA,NA,NA,
8/5/2019,SKA,NA,Skaneateles Lake,RT,NO_BLOOM,NO BLOOM PRESENT,42.922,-76.4299,NA,NA,NA,NA,NA,NA,NA,NA,NA,
8/5/2019,SKA,NA,Skaneateles Lake,RT,NO_BLOOM,NO BLOOM PRESENT,42.82478,-76.33438,NA,NA,NA,NA,NA,NA,NA,NA,NA,
8/5/2019,SKA,NA,Skaneateles Lake,RT,NO_BLOOM,NO BLOOM PRESENT,42.81061,-76.31229,NA,NA,NA,NA,NA,NA,NA,NA,NA,
8/5/2019,SKA,NA,Skaneateles Lake,RT,NO_BLOOM,NO BLOOM PRESENT,42.8333,-76.3229,NA,NA,NA,NA,NA,NA,NA,NA,NA,
8/5/2019,SKA,NA,Skaneateles Lake,RT,NO_BLOOM,NO BLOOM PRESENT,42.8591,-76.354936,NA,NA,NA,NA,NA,NA,NA,NA,NA,
8/5/2019,SKA,NA,Skaneateles Lake,RT,NO_BLOOM,NO BLOOM PRESENT,46.79783,-116.48637,NA,NA,NA,NA,NA,NA,NA,NA,NA,
8/5/2019,SKA,NA,Skaneateles Lake,RT,NO_BLOOM,NO BLOOM PRESENT,42.922,-76.4299,NA,NA,NA,NA,NA,NA,NA,NA,NA,
8/5/2019,SKA,NA,Skaneateles Lake,RT,NO_BLOOM,NO BLOOM PRESENT,42.89077,-76.38619,NA,NA,NA,NA,NA,NA,NA,NA,NA,
8/6/2019,SKA,NA,Skaneateles Lake,RT,NO_BLOOM,NO BLOOM PRESENT,42.84563,-76.33945,NA,NA,NA,NA,NA,NA,NA,NA,NA,
8/6/2019,SKA,NA,Skaneateles Lake,RT,NO_BLOOM,NO BLOOM PRESENT,42.8385,-76.32842,NA,NA,NA,NA,NA,NA,NA,NA,NA,
8/6/2019,SKA,NA,Skaneateles Lake,RT,NO_BLOOM,NO BLOOM PRESENT,42.76464,-76.269849,NA,NA,NA,NA,NA,NA,NA,NA,NA,
8/6/2019,SKA,NA,Skaneateles Lake,RT,NO_BLOOM,NO BLOOM PRESENT,42.83548,-76.41382,NA,NA,NA,NA,NA,NA,NA,NA,NA,
8/7/2019,SKA,NA,Skaneateles Lake,RT,NO_BLOOM,NO BLOOM PRESENT,42.85326,-76.34812,NA,NA,NA,NA,NA,NA,NA,NA,NA,
8/7/2019,SKA,NA,Skaneateles Lake,RT,NO_BLOOM,NO BLOOM PRESENT,42.8382,-76.35908,NA,NA,NA,NA,NA,NA,NA,NA,NA,
8/8/2019,SKA,NA,Skaneateles Lake,RT,NO_BLOOM,NO BLOOM PRESENT,42.93554,-76.41402,NA,NA,NA,NA,NA,NA,NA,NA,NA,
8/8/2019,SKA,NA,Skaneateles Lake,RT,NO_BLOOM,NO BLOOM PRESENT,42.94494,-76.43044,NA,NA,NA,NA,NA,NA,NA,NA,NA,
8/8/2019,SKA,NA,Skaneateles Lake,RT,NO_BLOOM,NO BLOOM PRESENT,42.90809,-76.39592,NA,NA,NA,NA,NA,NA,NA,NA,NA,
8/10/2019,SKA,NA,Skaneateles Lake,RT,NO_BLOOM,NO BLOOM PRESENT,42.94513,-76.42991,NA,NA,NA,NA,NA,NA,NA,NA,NA,
8/11/2019,SKA,NA,Skaneateles Lake,RT,NO_BLOOM,NO BLOOM PRESENT,42.76561,-76.26973,NA,NA,NA,NA,NA,NA,NA,NA,NA,
8/11/2019,SKA,NA,Skaneateles Lake,RT,NO_BLOOM,NO BLOOM PRESENT,42.83548,-76.41382,NA,NA,NA,NA,NA,NA,NA,NA,NA,
8/11/2019,SKA,NA,Skaneateles Lake,RT,NO_BLOOM,NO BLOOM PRESENT,42.94488,-76.43026,NA,NA,NA,NA,NA,NA,NA,NA,NA,
8/12/2019,CSL,19-139.1-04,Skaneateles Lake,OW,NO_BLOOM,OPEN WATER,42.918062,-76.415406,NA,NA,0,3.4,0,2,1.4,UFI,Skaneateles Lake Site 1 Epi,
8/12/2019,SKA,NA,Skaneateles Lake,RT,NO_BLOOM,NO BLOOM PRESENT,39.37439,-92.51388,NA,NA,NA,NA,NA,NA,NA,NA,NA,
8/12/2019,SKA,NA,Skaneateles Lake,RT,NO_BLOOM,NO BLOOM PRESENT,42.82478,-76.33438,NA,NA,NA,NA,NA,NA,NA,NA,NA,
8/12/2019,SKA,NA,Skaneateles Lake,RT,NO_BLOOM,NO BLOOM PRESENT,42.87559,-76.40622,NA,NA,NA,NA,NA,NA,NA,NA,NA,
8/12/2019,SKA,NA,Skaneateles Lake,RT,NO_BLOOM,NO BLOOM PRESENT,42.922,-76.4299,NA,NA,NA,NA,NA,NA,NA,NA,NA,
8/12/2019,SKA,NA,Skaneateles Lake,RT,NO_BLOOM,NO BLOOM PRESENT,42.89077,-76.38619,NA,NA,NA,NA,NA,NA,NA,NA,NA,
8/12/2019,SKA,NA,Skaneateles Lake,RT,NO_BLOOM,NO BLOOM PRESENT,42.84942,-76.34233,NA,NA,NA,NA,NA,NA,NA,NA,NA,
8/12/2019,SKA,NA,Skaneateles Lake,RT,NO_BLOOM,NO BLOOM PRESENT,42.8333,-76.3229,NA,NA,NA,NA,NA,NA,NA,NA,NA,
8/12/2019,SKA,NA,Skaneateles Lake,RT,NO_BLOOM,NO BLOOM PRESENT,42.8382,-76.35908,NA,NA,NA,NA,NA,NA,NA,NA,NA,
8/12/2019,SKA,NA,Skaneateles Lake,RT,NO_BLOOM,NO BLOOM PRESENT,36.71521,-65.02258,NA,NA,NA,NA,NA,NA,NA,NA,NA,
8/12/2019,SKA,NA,Skaneateles Lake,RT,NO_BLOOM,NO BLOOM PRESENT,42.91,-76.422,NA,NA,NA,NA,NA,NA,NA,NA,NA,
8/12/2019,SKA,NA,Skaneateles Lake,RT,NO_BLOOM,NO BLOOM PRESENT,42.81053,-76.3125,NA,NA,NA,NA,NA,NA,NA,NA,NA,
8/12/2019,SKA,NA,Skaneateles Lake,RT,NO_BLOOM,NO BLOOM PRESENT,42.8591,-76.35494,NA,NA,NA,NA,NA,NA,NA,NA,NA,
8/13/2019,SKA,NA,Skaneateles Lake,RT,NO_BLOOM,NO BLOOM PRESENT,42.84563,-76.33945,NA,NA,NA,NA,NA,NA,NA,NA,NA,
8/13/2019,SKA,NA,Skaneateles Lake,RT,NO_BLOOM,NO BLOOM PRESENT,42.76464,-76.269849,NA,NA,NA,NA,NA,NA,NA,NA,NA,
8/13/2019,SKA,NA,Skaneateles Lake,RT,NO_BLOOM,NO BLOOM PRESENT,42.86776,-76.36758,NA,NA,NA,NA,NA,NA,NA,NA,NA,
8/13/2019,SKA,NA,Skaneateles Lake,RT,NO_BLOOM,NO BLOOM PRESENT,42.8382,-76.3544,NA,NA,NA,NA,NA,NA,NA,NA,NA,
8/13/2019,SKA,NA,Skaneateles Lake,RT,NO_BLOOM,NO BLOOM PRESENT,42.9449,-76.42828,NA,NA,NA,NA,NA,NA,NA,NA,NA,
8/13/2019,SKA,NA,Skaneateles Lake,RT,NO_BLOOM,NO BLOOM PRESENT,42.903298,-76.394734,NA,NA,NA,NA,NA,NA,NA,NA,NA,
8/14/2019,SKA,NA,Skaneateles Lake,RT,NO_BLOOM,NO BLOOM PRESENT,43.64447,-76.52939,NA,NA,NA,NA,NA,NA,NA,NA,NA,
8/16/2019,SKA,NA,Skaneateles Lake,RT,NO_BLOOM,NO BLOOM PRESENT,42.90809,-76.39592,NA,NA,NA,NA,NA,NA,NA,NA,NA,
8/17/2019,SKA,NA,Skaneateles Lake,RT,NO_BLOOM,NO BLOOM PRESENT,42.85,-76.3765,NA,NA,NA,NA,NA,NA,NA,NA,NA,
8/18/2019,SKA,NA,Skaneateles Lake,RT,NO_BLOOM,NO BLOOM PRESENT,42.8622,-76.4003,NA,NA,NA,NA,NA,NA,NA,NA,NA,
8/19/2019,SKA,NA,Skaneateles Lake,RT,NO_BLOOM,NO BLOOM PRESENT,42.8591,-76.35494,NA,NA,NA,NA,NA,NA,NA,NA,NA,
8/19/2019,SKA,NA,Skaneateles Lake,RT,NO_BLOOM,NO BLOOM PRESENT,42.84942,-76.34233,NA,NA,NA,NA,NA,NA,NA,NA,NA,
8/19/2019,SKA,NA,Skaneateles Lake,RT,NO_BLOOM,NO BLOOM PRESENT,42.922,-76.4299,NA,NA,NA,NA,NA,NA,NA,NA,NA,
8/19/2019,SKA,NA,Skaneateles Lake,RT,NO_BLOOM,NO BLOOM PRESENT,59.77103,-34.47647,NA,NA,NA,NA,NA,NA,NA,NA,NA,
8/19/2019,SKA,NA,Skaneateles Lake,RT,NO_BLOOM,NO BLOOM PRESENT,42.8333,-76.3229,NA,NA,NA,NA,NA,NA,NA,NA,NA,
8/19/2019,SKA,NA,Skaneateles Lake,RT,NO_BLOOM,NO BLOOM PRESENT,42.87559,-76.40622,NA,NA,NA,NA,NA,NA,NA,NA,NA,
8/19/2019,SKA,NA,Skaneateles Lake,RT,NO_BLOOM,NO BLOOM PRESENT,42.83548,-76.41382,NA,NA,NA,NA,NA,NA,NA,NA,NA,
8/19/2019,SKA,NA,Skaneateles Lake,RT,NO_BLOOM,NO BLOOM PRESENT,42.89077,-76.38619,NA,NA,NA,NA,NA,NA,NA,NA,NA,
8/19/2019,SKA,NA,Skaneateles Lake,RT,NO_BLOOM,NO BLOOM PRESENT,42.81068,-76.31242,NA,NA,NA,NA,NA,NA,NA,NA,NA,
8/19/2019,SKA,NA,Skaneateles Lake,RT,NO_BLOOM,NO BLOOM PRESENT,41.92829,-79.18746,NA,NA,NA,NA,NA,NA,NA,NA,NA,
8/19/2019,SKA,NA,Skaneateles Lake,RT,NO_BLOOM,NO BLOOM PRESENT,42.8368,-76.33027,NA,NA,NA,NA,NA,NA,NA,NA,NA,
8/19/2019,SKA,NA,Skaneateles Lake,RT,NO_BLOOM,NO BLOOM PRESENT,42.8382,-76.35908,NA,NA,NA,NA,NA,NA,NA,NA,NA,
8/19/2019,SKA,NA,Skaneateles Lake,RT,NO_BLOOM,NO BLOOM PRESENT,42.86776,-76.36758,NA,NA,NA,NA,NA,NA,NA,NA,NA,
8/20/2019,CSL,19-139.2-05,Skaneateles Lake,OW,NO_BLOOM,OPEN WATER,42.801633,-76.292495,NA,NA,0.2,2,0.1,1.1,0.6,UFI,Skaneateles Lake Site 2 Epi,
8/20/2019,SKA,NA,Skaneateles Lake,RT,NO_BLOOM,NO BLOOM PRESENT,42.903298,-76.394734,NA,NA,NA,NA,NA,NA,NA,NA,NA,
8/20/2019,SKA,NA,Skaneateles Lake,RT,NO_BLOOM,NO BLOOM PRESENT,42.76464,-76.269849,NA,NA,NA,NA,NA,NA,NA,NA,NA,
8/20/2019,SKA,NA,Skaneateles Lake,RT,NO_BLOOM,NO BLOOM PRESENT,42.922,-76.4299,NA,NA,NA,NA,NA,NA,NA,NA,NA,
8/20/2019,SKA,NA,Skaneateles Lake,RT,NO_BLOOM,NO BLOOM PRESENT,42.81412,-76.31845,NA,NA,NA,NA,NA,NA,NA,NA,NA,
8/20/2019,SKA,NA,Skaneateles Lake,RT,NO_BLOOM,NO BLOOM PRESENT,42.83865,-76.35532,NA,NA,NA,NA,NA,NA,NA,NA,NA,
8/20/2019,SKA,NA,Skaneateles Lake,RT,NO_BLOOM,NO BLOOM PRESENT,42.94467,-76.43052,NA,NA,NA,NA,NA,NA,NA,NA,NA,
8/21/2019,SKA,NA,Skaneateles Lake,RT,NO_BLOOM,NO BLOOM PRESENT,41.71678,-76.35039,NA,NA,NA,NA,NA,NA,NA,NA,NA,
8/21/2019,SKA,NA,Skaneateles Lake,RT,NO_BLOOM,NO BLOOM PRESENT,37.63853,-76.52879,NA,NA,NA,NA,NA,NA,NA,NA,NA,
8/21/2019,SKA,NA,Skaneateles Lake,RT,NO_BLOOM,NO BLOOM PRESENT,42.76561,-76.26973,NA,NA,NA,NA,NA,NA,NA,NA,NA,
8/21/2019,SKA,NA,Skaneateles Lake,RT,NO_BLOOM,NO BLOOM PRESENT,42.85326,-76.34812,NA,NA,NA,NA,NA,NA,NA,NA,NA,
8/21/2019,SKA,NA,Skaneateles Lake,RT,NO_BLOOM,NO BLOOM PRESENT,42.94491,-76.42836,NA,NA,NA,NA,NA,NA,NA,NA,NA,
8/21/2019,SKA,NA,Skaneateles Lake,RT,NO_BLOOM,NO BLOOM PRESENT,42.8622,-76.4003,NA,NA,NA,NA,NA,NA,NA,NA,NA,
8/22/2019,SKA,NA,Skaneateles Lake,RT,NO_BLOOM,NO BLOOM PRESENT,42.90809,-76.39592,NA,NA,NA,NA,NA,NA,NA,NA,NA,
8/24/2019,SKA,NA,Skaneateles Lake,RT,NO_BLOOM,NO BLOOM PRESENT,42.8622,-76.4003,NA,NA,NA,NA,NA,NA,NA,NA,NA,
8/25/2019,SKA,NA,Skaneateles Lake,RT,NO_BLOOM,NO BLOOM PRESENT,42.83548,-76.41382,NA,NA,NA,NA,NA,NA,NA,NA,NA,
8/25/2019,SKA,NA,Skaneateles Lake,RT,NO_BLOOM,NO BLOOM PRESENT,42.81425,-76.31824,NA,NA,NA,NA,NA,NA,NA,NA,NA,
8/25/2019,SKA,NA,Skaneateles Lake,RT,NO_BLOOM,NO BLOOM PRESENT,42.03628,-75.93746,NA,NA,NA,NA,NA,NA,NA,NA,NA,
8/26/2019,SKA,NA,Skaneateles Lake,RT,NO_BLOOM,NO BLOOM PRESENT,41.74443,-80.05539,NA,NA,NA,NA,NA,NA,NA,NA,NA,
8/26/2019,SKA,NA,Skaneateles Lake,RT,NO_BLOOM,NO BLOOM PRESENT,42.8382,-76.35908,NA,NA,NA,NA,NA,NA,NA,NA,NA,
8/26/2019,SKA,NA,Skaneateles Lake,RT,NO_BLOOM,NO BLOOM PRESENT,42.84563,-76.33945,NA,NA,NA,NA,NA,NA,NA,NA,NA,
8/26/2019,SKA,NA,Skaneateles Lake,RT,NO_BLOOM,NO BLOOM PRESENT,42.88943,-76.38069,NA,NA,NA,NA,NA,NA,NA,NA,NA,
8/26/2019,SKA,NA,Skaneateles Lake,RT,NO_BLOOM,NO BLOOM PRESENT,42.89126,-76.38043,NA,NA,NA,NA,NA,NA,NA,NA,NA,
8/26/2019,SKA,NA,Skaneateles Lake,RT,NO_BLOOM,NO BLOOM PRESENT,42.922,-76.4299,NA,NA,NA,NA,NA,NA,NA,NA,NA,
8/26/2019,SKA,NA,Skaneateles Lake,RT,NO_BLOOM,NO BLOOM PRESENT,42.8368,-76.33027,NA,NA,NA,NA,NA,NA,NA,NA,NA,
8/26/2019,SKA,NA,Skaneateles Lake,RT,NO_BLOOM,NO BLOOM PRESENT,43.24283,-107.10405,NA,NA,NA,NA,NA,NA,NA,NA,NA,
8/26/2019,SKA,NA,Skaneateles Lake,RT,NO_BLOOM,NO BLOOM PRESENT,42.8333,-76.3229,NA,NA,NA,NA,NA,NA,NA,NA,NA,
8/26/2019,SKA,NA,Skaneateles Lake,RT,NO_BLOOM,NO BLOOM PRESENT,42.81055,-76.31225,NA,NA,NA,NA,NA,NA,NA,NA,NA,
8/26/2019,SKA,NA,Skaneateles Lake,RT,NO_BLOOM,NO BLOOM PRESENT,42.87559,-76.40622,NA,NA,NA,NA,NA,NA,NA,NA,NA,
8/26/2019,SKA,NA,Skaneateles Lake,RT,NO_BLOOM,NO BLOOM PRESENT,42.86776,-76.36758,NA,NA,NA,NA,NA,NA,NA,NA,NA,
8/27/2019,SKA,NA,Skaneateles Lake,RT,NO_BLOOM,NO BLOOM PRESENT,10.01911,-120.49942,NA,NA,NA,NA,NA,NA,NA,NA,NA,
8/27/2019,SKA,NA,Skaneateles Lake,RT,NO_BLOOM,NO BLOOM PRESENT,42.903298,-76.394734,NA,NA,NA,NA,NA,NA,NA,NA,NA,
8/27/2019,SKA,NA,Skaneateles Lake,RT,NO_BLOOM,NO BLOOM PRESENT,42.83396,-76.32545,NA,NA,NA,NA,NA,NA,NA,NA,NA,
8/28/2019,SKA,NA,Skaneateles Lake,RT,NO_BLOOM,NO BLOOM PRESENT,42.85278,-76.34901,NA,NA,NA,NA,NA,NA,NA,NA,NA,
8/29/2019,SKA,NA,Skaneateles Lake,RT,NO_BLOOM,NO BLOOM PRESENT,42.90809,-76.39592,NA,NA,NA,NA,NA,NA,NA,NA,NA,
8/31/2019,SKA,NA,Skaneateles Lake,RT,NO_BLOOM,NO BLOOM PRESENT,42.81039,-76.31206,NA,NA,NA,NA,NA,NA,NA,NA,NA,
8/31/2019,SKA,NA,Skaneateles Lake,RT,NO_BLOOM,NO BLOOM PRESENT,42.81059,-76.31205,NA,NA,NA,NA,NA,NA,NA,NA,NA,
8/31/2019,SKA,NA,Skaneateles Lake,RT,NO_BLOOM,NO BLOOM PRESENT,42.8622,-76.4003,NA,NA,NA,NA,NA,NA,NA,NA,NA,
9/1/2019,SKA,NA,Skaneateles Lake,RT,NO_BLOOM,NO BLOOM PRESENT,42.84563,-76.33945,NA,NA,NA,NA,NA,NA,NA,NA,NA,
9/2/2019,SKA,NA,Skaneateles Lake,RT,NO_BLOOM,NO BLOOM PRESENT,42.83548,-76.41382,NA,NA,NA,NA,NA,NA,NA,NA,NA,
9/2/2019,SKA,NA,Skaneateles Lake,RT,NO_BLOOM,NO BLOOM PRESENT,42.49399,-76.82827,NA,NA,NA,NA,NA,NA,NA,NA,NA,
9/2/2019,SKA,NA,Skaneateles Lake,RT,NO_BLOOM,NO BLOOM PRESENT,42.87559,-76.40622,NA,NA,NA,NA,NA,NA,NA,NA,NA,
9/2/2019,SKA,NA,Skaneateles Lake,RT,NO_BLOOM,NO BLOOM PRESENT,42.8368,-76.33027,NA,NA,NA,NA,NA,NA,NA,NA,NA,
9/2/2019,SKA,NA,Skaneateles Lake,RT,NO_BLOOM,NO BLOOM PRESENT,42.8382,-76.35908,NA,NA,NA,NA,NA,NA,NA,NA,NA,
9/3/2019,CSL,19-139.1-05,Skaneateles Lake,OW,NO_BLOOM,OPEN WATER,42.918062,-76.415406,NA,NA,0.3,1.9,0.2,0.1,1.3,UFI,Skaneateles Lake Site 1 Epi,
9/3/2019,DEC,NA,Skaneateles Lake,RT,SUSPICIOUS,SMALL LOCALIZED,42.94506506,-76.42995282,NA,NA,NA,NA,NA,NA,NA,NA,NA,
9/3/2019,PUB,NA,Skaneateles Lake,RT,SUSPICIOUS,SMALL LOCALIZED,42.94559,-76.42811,NA,NA,NA,NA,NA,NA,NA,NA,NA,
9/3/2019,PUB,NA,Skaneateles Lake,RT,SUSPICIOUS,SMALL LOCALIZED,42.76464,-76.269849,NA,NA,NA,NA,NA,NA,NA,NA,NA,
9/3/2019,SKA,NA,Skaneateles Lake,RT,NO_BLOOM,NO BLOOM PRESENT,42.922,-76.4299,NA,NA,NA,NA,NA,NA,NA,NA,NA,
9/3/2019,SKA,NA,Skaneateles Lake,RT,NO_BLOOM,NO BLOOM PRESENT,42.8591,-76.35494,NA,NA,NA,NA,NA,NA,NA,NA,NA,
9/3/2019,SKA,NA,Skaneateles Lake,RT,NO_BLOOM,NO BLOOM PRESENT,42.08969,-73.91984,NA,NA,NA,NA,NA,NA,NA,NA,NA,
9/3/2019,SKA,NA,Skaneateles Lake,RT,NO_BLOOM,NO BLOOM PRESENT,42.903298,-76.394734,NA,NA,NA,NA,NA,NA,NA,NA,NA,
9/3/2019,SKA,NA,Skaneateles Lake,RT,NO_BLOOM,NO BLOOM PRESENT,42.83371,-76.32576,NA,NA,NA,NA,NA,NA,NA,NA,NA,
9/3/2019,SKA,NA,Skaneateles Lake,RT,NO_BLOOM,NO BLOOM PRESENT,42.91089564,-76.42063969,NA,NA,NA,NA,NA,NA,NA,NA,NA,
9/3/2019,SKA,NA,Skaneateles Lake,RT,NO_BLOOM,NO BLOOM PRESENT,42.89077,-76.38619,NA,NA,NA,NA,NA,NA,NA,NA,NA,
9/3/2019,SKA,NA,Skaneateles Lake,RT,NO_BLOOM,NO BLOOM PRESENT,42.922,-76.4299,NA,NA,NA,NA,NA,NA,NA,NA,NA,
9/3/2019,SKA,NA,Skaneateles Lake,RT,NO_BLOOM,NO BLOOM PRESENT,42.8622,-76.4003,NA,NA,NA,NA,NA,NA,NA,NA,NA,
9/3/2019,SKA,NA,Skaneateles Lake,RT,NO_BLOOM,NO BLOOM PRESENT,42.85288134,-76.3477809,NA,NA,NA,NA,NA,NA,NA,NA,NA,
9/3/2019,SKA,NA,Skaneateles Lake,RT,NO_BLOOM,NO BLOOM PRESENT,42.76561,-76.26973,NA,NA,NA,NA,NA,NA,NA,NA,NA,
9/3/2019,SKA,NA,Skaneateles Lake,RT,NO_BLOOM,NO BLOOM PRESENT,42.85,-76.3765,NA,NA,NA,NA,NA,NA,NA,NA,NA,
9/3/2019,CSL,19-139.1-B1,Skaneateles Lake,SB,CONFIRMED_WITH_HIGH_TOXINS,NOT REPORTED,42.94430518,-76.42556835,NA,75,31.2,31.3,0.1,0,0,UFI,Skaneateles Lake Site 1 Epi,>
9/3/2019,SKA,19-3534-B1,Skaneateles Lake,SB,CONFIRMED_WITH_HIGH_TOXINS,SMALL LOCALIZED,42.922,-76.4299,Microcystis,74,37.9,39.3,1.4,0,0,NA,Skaneateles Lake,>
9/3/2019,SKA,19-3530-B1,Skaneateles Lake,SB,CONFIRMED_WITH_HIGH_TOXINS,SMALL LOCALIZED,42.9301,-76.4264,Microcystis,26,85.7,97.6,7.7,3.3,0.9,NA,Skaneateles Lake,
9/3/2019,SKA,19-3525-B1,Skaneateles Lake,SB,CONFIRMED,SMALL LOCALIZED,42.9448,-76.42579,Microcystis,15,50.5,54,2.7,0.6,0.2,NA,Skaneateles Lake,
9/3/2019,SKA,19-3506-B1,Skaneateles Lake,SB,CONFIRMED,SMALL LOCALIZED,42.867637,-76.367339,Microcystis,5.6,30.4,34.1,2.2,1.3,0.2,NA,Skaneateles Lake,
9/3/2019,SKA,19-3507-B1,Skaneateles Lake,SB,NO_BLOOM,NOT REPORTED,42.861515,-76.359411,NA,0.1,0.1,1.3,0.1,0.2,0.8,NA,Skaneateles Lake,
9/4/2019,SKA,NA,Skaneateles Lake,RT,NO_BLOOM,NO BLOOM PRESENT,37.93348,-76.65384,NA,NA,NA,NA,NA,NA,NA,NA,NA,
9/4/2019,SKA,NA,Skaneateles Lake,RT,NO_BLOOM,NO BLOOM PRESENT,42.94449,-76.4281,NA,NA,NA,NA,NA,NA,NA,NA,NA,
9/5/2019,SKA,NA,Skaneateles Lake,RT,NO_BLOOM,NO BLOOM PRESENT,42.90809,-76.39592,NA,NA,NA,NA,NA,NA,NA,NA,NA,
9/5/2019,SKA,NA,Skaneateles Lake,RT,SUSPICIOUS,SMALL LOCALIZED,42.94517,-76.4267,NA,NA,NA,NA,NA,NA,NA,NA,NA,
9/6/2019,SKA,NA,Skaneateles Lake,RT,SUSPICIOUS,SMALL LOCALIZED,42.8382,-76.35908,NA,NA,NA,NA,NA,NA,NA,NA,NA,
9/6/2019,SKA,NA,Skaneateles Lake,RT,NO_BLOOM,NO BLOOM PRESENT,42.94495,-76.42625,NA,NA,NA,NA,NA,NA,NA,NA,NA,
9/6/2019,SKA,NA,Skaneateles Lake,RT,NO_BLOOM,NO BLOOM PRESENT,42.8622,-76.4003,NA,NA,NA,NA,NA,NA,NA,NA,NA,
9/6/2019,USGS,NA,Skaneateles Lake,RT,NO_BLOOM,OPEN WATER,42.76464,-76.269849,NA,NA,NA,NA,NA,NA,NA,NA,NA,
9/7/2019,SKA,NA,Skaneateles Lake,RT,NO_BLOOM,NO BLOOM PRESENT,42.94495,-76.43045,NA,NA,NA,NA,NA,NA,NA,NA,NA,
9/8/2019,SKA,NA,Skaneateles Lake,RT,SUSPICIOUS,SMALL LOCALIZED,42.94496,-76.42931,NA,NA,NA,NA,NA,NA,NA,NA,NA,
9/8/2019,SKA,NA,Skaneateles Lake,RT,NO_BLOOM,NO BLOOM PRESENT,42.8144,-76.31828,NA,NA,NA,NA,NA,NA,NA,NA,NA,
9/8/2019,SKA,NA,Skaneateles Lake,RT,NO_BLOOM,NO BLOOM PRESENT,61.97671,-15.91369,NA,NA,NA,NA,NA,NA,NA,NA,NA,
9/8/2019,SKA,NA,Skaneateles Lake,RT,NO_BLOOM,NO BLOOM PRESENT,42.83548,-76.41382,NA,NA,NA,NA,NA,NA,NA,NA,NA,
9/9/2019,CSL,19-139.2-06,Skaneateles Lake,OW,NO_BLOOM,OPEN WATER,42.801633,-76.292495,NA,NA,0.4,1.9,0.3,0.2,1,UFI,Skaneateles Lake Site 2 Epi,
9/9/2019,SKA,NA,Skaneateles Lake,RT,SUSPICIOUS,SMALL LOCALIZED,42.8382,-76.35908,NA,NA,NA,NA,NA,NA,NA,NA,NA,
9/9/2019,SKA,NA,Skaneateles Lake,RT,NO_BLOOM,NO BLOOM PRESENT,42.8333,-76.3229,NA,NA,NA,NA,NA,NA,NA,NA,NA,
9/9/2019,SKA,NA,Skaneateles Lake,RT,NO_BLOOM,NO BLOOM PRESENT,42.8368,-76.33027,NA,NA,NA,NA,NA,NA,NA,NA,NA,
9/9/2019,SKA,NA,Skaneateles Lake,RT,NO_BLOOM,NO BLOOM PRESENT,42.87559,-76.40622,NA,NA,NA,NA,NA,NA,NA,NA,NA,
9/9/2019,SKA,NA,Skaneateles Lake,RT,NO_BLOOM,NO BLOOM PRESENT,42.922,-76.4299,NA,NA,NA,NA,NA,NA,NA,NA,NA,
9/9/2019,SKA,NA,Skaneateles Lake,RT,NO_BLOOM,NO BLOOM PRESENT,37.4107,-7.12051,NA,NA,NA,NA,NA,NA,NA,NA,NA,
9/9/2019,SKA,NA,Skaneateles Lake,RT,NO_BLOOM,NO BLOOM PRESENT,55.54669,-61.94088,NA,NA,NA,NA,NA,NA,NA,NA,NA,
9/9/2019,SKA,NA,Skaneateles Lake,RT,NO_BLOOM,NO BLOOM PRESENT,42.79866,-76.2971,NA,NA,NA,NA,NA,NA,NA,NA,NA,
9/9/2019,SKA,NA,Skaneateles Lake,RT,NO_BLOOM,NO BLOOM PRESENT,42.86776,-76.36758,NA,NA,NA,NA,NA,NA,NA,NA,NA,
9/9/2019,SKA,NA,Skaneateles Lake,RT,NO_BLOOM,NO BLOOM PRESENT,42.84942,-76.34233,NA,NA,NA,NA,NA,NA,NA,NA,NA,
9/9/2019,SKA,19-3524-B2,Skaneateles Lake,SB,CONFIRMED_WITH_HIGH_TOXINS,NOT REPORTED,42.930209,-76.427109,Microcystis,75,60.8,62.6,1.9,0,0,NA,Skaneateles Lake,>
9/10/2019,PUB,NA,Skaneateles Lake,RT,NO_BLOOM,SMALL LOCALIZED,42.76464,-76.269849,NA,NA,NA,NA,NA,NA,NA,NA,NA,
9/10/2019,SKA,NA,Skaneateles Lake,RT,NO_BLOOM,NO BLOOM PRESENT,42.85326,-76.34812,NA,NA,NA,NA,NA,NA,NA,NA,NA,
9/10/2019,SKA,NA,Skaneateles Lake,RT,NO_BLOOM,NO BLOOM PRESENT,42.9033,-76.39473,NA,NA,NA,NA,NA,NA,NA,NA,NA,
9/10/2019,SKA,NA,Skaneateles Lake,RT,NO_BLOOM,NO BLOOM PRESENT,43.22768,-74.88223,NA,NA,NA,NA,NA,NA,NA,NA,NA,
9/11/2019,SKA,NA,Skaneateles Lake,RT,NO_BLOOM,NO BLOOM PRESENT,42.89077,-76.38619,NA,NA,NA,NA,NA,NA,NA,NA,NA,
9/12/2019,SKA,NA,Skaneateles Lake,RT,NO_BLOOM,NO BLOOM PRESENT,42.90809,-76.39592,NA,NA,NA,NA,NA,NA,NA,NA,NA,
9/13/2019,SKA,NA,Skaneateles Lake,RT,NO_BLOOM,NO BLOOM PRESENT,42.8622,-76.4003,NA,NA,NA,NA,NA,NA,NA,NA,NA,
9/14/2019,SKA,NA,Skaneateles Lake,RT,NO_BLOOM,NO BLOOM PRESENT,42.94508,-76.42998,NA,NA,NA,NA,NA,NA,NA,NA,NA,
9/16/2019,CSL,19-139.1-06,Skaneateles Lake,OW,NO_BLOOM,OPEN WATER,42.918062,-76.415406,NA,NA,0.4,2,0.5,0.1,1.1,UFI,Skaneateles Lake Site 1 Epi,
9/16/2019,PUB,NA,Skaneateles Lake,RT,SUSPICIOUS,SMALL LOCALIZED,42.76464,-76.269849,NA,NA,NA,NA,NA,NA,NA,NA,NA,
9/16/2019,SKA,NA,Skaneateles Lake,RT,NO_BLOOM,NO BLOOM PRESENT,42.87559,-76.40622,NA,NA,NA,NA,NA,NA,NA,NA,NA,
9/16/2019,SKA,NA,Skaneateles Lake,RT,NO_BLOOM,NO BLOOM PRESENT,42.83548,-76.41382,NA,NA,NA,NA,NA,NA,NA,NA,NA,
9/16/2019,SKA,NA,Skaneateles Lake,RT,NO_BLOOM,NO BLOOM PRESENT,42.8591,-76.35494,NA,NA,NA,NA,NA,NA,NA,NA,NA,
9/16/2019,SKA,NA,Skaneateles Lake,RT,NO_BLOOM,NO BLOOM PRESENT,42.86776,-76.36758,NA,NA,NA,NA,NA,NA,NA,NA,NA,
9/16/2019,SKA,NA,Skaneateles Lake,RT,NO_BLOOM,NO BLOOM PRESENT,42.79866,-76.2971,NA,NA,NA,NA,NA,NA,NA,NA,NA,
9/16/2019,SKA,NA,Skaneateles Lake,RT,NO_BLOOM,NO BLOOM PRESENT,42.8382,-76.359081,NA,NA,NA,NA,NA,NA,NA,NA,NA,
9/16/2019,SKA,NA,Skaneateles Lake,RT,NO_BLOOM,NO BLOOM PRESENT,42.9033,-76.39473,NA,NA,NA,NA,NA,NA,NA,NA,NA,
9/17/2019,CSL,19-139.2-07,Skaneateles Lake,OW,NO_BLOOM,OPEN WATER,42.801633,-76.292495,NA,NA,0.6,2.3,0.8,0.5,0.4,UFI,Skaneateles Lake Site 2 Epi,
9/17/2019,CSL,19-139.2-B7,Skaneateles Lake,SB,NO_BLOOM,NOT REPORTED,42.801633,-76.292495,NA,NA,NA,NA,NA,NA,NA,NA,NA,
9/17/2019,DEC,NA,Skaneateles Lake,RT,SUSPICIOUS,OPEN WATER,42.91503,-76.41275,NA,NA,NA,NA,NA,NA,NA,NA,NA,
9/17/2019,SKA,NA,Skaneateles Lake,RT,NO_BLOOM,NO BLOOM PRESENT,43.69314,-59.53904,NA,NA,NA,NA,NA,NA,NA,NA,NA,
9/17/2019,SKA,NA,Skaneateles Lake,RT,NO_BLOOM,SMALL LOCALIZED,42.92240848,-76.42899909,NA,NA,NA,NA,NA,NA,NA,NA,NA,
9/17/2019,SKA,NA,Skaneateles Lake,RT,NO_BLOOM,NO BLOOM PRESENT,42.85326,-76.34812,NA,NA,NA,NA,NA,NA,NA,NA,NA,
9/17/2019,SKA,NA,Skaneateles Lake,RT,NO_BLOOM,NO BLOOM PRESENT,13.8734,36.57898,NA,NA,NA,NA,NA,NA,NA,NA,NA,
9/17/2019,SKA,NA,Skaneateles Lake,RT,NO_BLOOM,NO BLOOM PRESENT,42.8382,-76.3544,NA,NA,NA,NA,NA,NA,NA,NA,NA,
9/17/2019,SKA,NA,Skaneateles Lake,RT,NO_BLOOM,NO BLOOM PRESENT,42.8622,-76.4003,NA,NA,NA,NA,NA,NA,NA,NA,NA,
9/17/2019,SKA,NA,Skaneateles Lake,RT,NO_BLOOM,NO BLOOM PRESENT,46.28587,-73.96928,NA,NA,NA,NA,NA,NA,NA,NA,NA,
9/17/2019,SKA,NA,Skaneateles Lake,RT,NO_BLOOM,NO BLOOM PRESENT,42.922,-76.4299,NA,NA,NA,NA,NA,NA,NA,NA,NA,
9/17/2019,CSL,19-139.2-B1,Skaneateles Lake,SB,NO_BLOOM,NO BLOOM PRESENT,42.801633,-76.292495,NA,0.19,0.5,2.3,0.8,0.5,0.5,UFI,Skaneateles Lake Site 1 Epi,
9/19/2019,SKA,NA,Skaneateles Lake,RT,NO_BLOOM,NO BLOOM PRESENT,42.90809,-76.39592,NA,NA,NA,NA,NA,NA,NA,NA,NA,
9/20/2019,SKA,NA,Skaneateles Lake,RT,SUSPICIOUS,SMALL LOCALIZED,42.8382,-76.35908,NA,NA,NA,NA,NA,NA,NA,NA,NA,
9/21/2019,PUB,NA,Skaneateles Lake,RT,SUSPICIOUS,SMALL LOCALIZED,42.76464,-76.269849,NA,NA,NA,NA,NA,NA,NA,NA,NA,
9/21/2019,SKA,NA,Skaneateles Lake,RT,SUSPICIOUS,SMALL LOCALIZED,42.86776,-76.36758,NA,NA,NA,NA,NA,NA,NA,NA,NA,
9/21/2019,SKA,NA,Skaneateles Lake,RT,NO_BLOOM,NO BLOOM PRESENT,42.81377,-76.3164,NA,NA,NA,NA,NA,NA,NA,NA,NA,
9/21/2019,SKA,NA,Skaneateles Lake,RT,NO_BLOOM,NO BLOOM PRESENT,42.81377,-76.3164,NA,NA,NA,NA,NA,NA,NA,NA,NA,
9/21/2019,SKA,NA,Skaneateles Lake,RT,NO_BLOOM,NO BLOOM PRESENT,37.38919,-97.4199,NA,NA,NA,NA,NA,NA,NA,NA,NA,
9/21/2019,SKA,NA,Skaneateles Lake,RT,SUSPICIOUS,SMALL LOCALIZED,42.89077,-76.38619,NA,NA,NA,NA,NA,NA,NA,NA,NA,
9/21/2019,SKA,19-3525-B3,Skaneateles Lake,SB,CONFIRMED,SMALL LOCALIZED,42.944863,-76.428465,NA,NA,NA,NA,NA,NA,NA,NA,NA,
9/21/2019,SKA,19-3524-B4,Skaneateles Lake,SB,CONFIRMED_WITH_HIGH_TOXINS,NOT REPORTED,42.930209,-76.427109,Microcystis,75,13.7,13.9,0.1,0,0,NA,Skaneateles Lake,>
9/22/2019,SKA,NA,Skaneateles Lake,RT,NO_BLOOM,SMALL LOCALIZED,42.90809,-76.39592,NA,NA,NA,NA,NA,NA,NA,NA,NA,
9/22/2019,SKA,NA,Skaneateles Lake,RT,NO_BLOOM,SMALL LOCALIZED,42.8622,-76.4003,NA,NA,NA,NA,NA,NA,NA,NA,NA,
9/22/2019,SKA,NA,Skaneateles Lake,RT,NO_BLOOM,NO BLOOM PRESENT,42.94269,-76.42924,NA,NA,NA,NA,NA,NA,NA,NA,NA,
9/22/2019,SKA,NA,Skaneateles Lake,RT,SUSPICIOUS,SMALL LOCALIZED,42.94497,-76.43043,NA,NA,NA,NA,NA,NA,NA,NA,NA,
9/23/2019,SKA,NA,Skaneateles Lake,RT,NO_BLOOM,NO BLOOM PRESENT,43.67108,-80.69163,NA,NA,NA,NA,NA,NA,NA,NA,NA,
9/23/2019,SKA,NA,Skaneateles Lake,RT,NO_BLOOM,NO BLOOM PRESENT,42.8333,-76.3229,NA,NA,NA,NA,NA,NA,NA,NA,NA,
9/23/2019,SKA,NA,Skaneateles Lake,RT,NO_BLOOM,NO BLOOM PRESENT,42.8382,-76.35908,NA,NA,NA,NA,NA,NA,NA,NA,NA,
9/23/2019,SKA,NA,Skaneateles Lake,RT,NO_BLOOM,NO BLOOM PRESENT,42.85326,-76.34812,NA,NA,NA,NA,NA,NA,NA,NA,NA,
9/23/2019,SKA,NA,Skaneateles Lake,RT,NO_BLOOM,NO BLOOM PRESENT,42.87559,-76.40622,NA,NA,NA,NA,NA,NA,NA,NA,NA,
9/23/2019,SKA,NA,Skaneateles Lake,RT,NO_BLOOM,NO BLOOM PRESENT,-25.67475,172.83554,NA,NA,NA,NA,NA,NA,NA,NA,NA,
9/23/2019,SKA,NA,Skaneateles Lake,RT,NO_BLOOM,NO BLOOM PRESENT,42.903298,-76.394734,NA,NA,NA,NA,NA,NA,NA,NA,NA,
9/23/2019,SKA,NA,Skaneateles Lake,RT,NO_BLOOM,NO BLOOM PRESENT,42.81482,-76.31858,NA,NA,NA,NA,NA,NA,NA,NA,NA,
9/23/2019,SKA,NA,Skaneateles Lake,RT,NO_BLOOM,NO BLOOM PRESENT,42.84563,-76.33945,NA,NA,NA,NA,NA,NA,NA,NA,NA,
9/23/2019,SKA,NA,Skaneateles Lake,RT,NO_BLOOM,NO BLOOM PRESENT,42.922,-76.4299,NA,NA,NA,NA,NA,NA,NA,NA,NA,
9/24/2019,SKA,NA,Skaneateles Lake,RT,NO_BLOOM,NO BLOOM PRESENT,42.84942,-76.34233,NA,NA,NA,NA,NA,NA,NA,NA,NA,
9/24/2019,SKA,NA,Skaneateles Lake,RT,NO_BLOOM,NO BLOOM PRESENT,42.86776,-76.36758,NA,NA,NA,NA,NA,NA,NA,NA,NA,
9/25/2019,SKA,NA,Skaneateles Lake,RT,NO_BLOOM,NO BLOOM PRESENT,42.83884,-76.35649,NA,NA,NA,NA,NA,NA,NA,NA,NA,
9/26/2019,SKA,NA,Skaneateles Lake,RT,NO_BLOOM,NO BLOOM PRESENT,42.8622,-76.4003,NA,NA,NA,NA,NA,NA,NA,NA,NA,
9/26/2019,SKA,NA,Skaneateles Lake,RT,NO_BLOOM,NO BLOOM PRESENT,42.908088,-76.39592,NA,NA,NA,NA,NA,NA,NA,NA,NA,
9/28/2019,SKA,NA,Skaneateles Lake,RT,NO_BLOOM,NO BLOOM PRESENT,42.78073,-76.28214,NA,NA,NA,NA,NA,NA,NA,NA,NA,
9/29/2019,CSL,19-139.1-07,Skaneateles Lake,OW,NO_BLOOM,OPEN WATER,42.918062,-76.415406,NA,NA,0.4,2,0.3,0,1.2,UFI,Skaneateles Lake Site 1 Epi,
9/29/2019,SKA,NA,Skaneateles Lake,RT,NO_BLOOM,NO BLOOM PRESENT,42.8622,-76.4003,NA,NA,NA,NA,NA,NA,NA,NA,NA,
9/29/2019,SKA,NA,Skaneateles Lake,RT,NO_BLOOM,NO BLOOM PRESENT,42.83548,-76.41382,NA,NA,NA,NA,NA,NA,NA,NA,NA,
9/30/2019,SKA,NA,Skaneateles Lake,RT,NO_BLOOM,NO BLOOM PRESENT,42.85326,-76.34812,NA,NA,NA,NA,NA,NA,NA,NA,NA,
9/30/2019,SKA,NA,Skaneateles Lake,RT,NO_BLOOM,NO BLOOM PRESENT,42.875595,-76.406222,NA,NA,NA,NA,NA,NA,NA,NA,NA,
9/30/2019,SKA,NA,Skaneateles Lake,RT,NO_BLOOM,NO BLOOM PRESENT,-5.98056,-81.7836,NA,NA,NA,NA,NA,NA,NA,NA,NA,
9/30/2019,SKA,NA,Skaneateles Lake,RT,NO_BLOOM,NO BLOOM PRESENT,42.8333,-76.3229,NA,NA,NA,NA,NA,NA,NA,NA,NA,
9/30/2019,SKA,NA,Skaneateles Lake,RT,NO_BLOOM,NO BLOOM PRESENT,42.8382,-76.35908,NA,NA,NA,NA,NA,NA,NA,NA,NA,
10/1/2019,SKA,NA,Skaneateles Lake,RT,NO_BLOOM,NO BLOOM PRESENT,42.8622,-76.4003,NA,NA,NA,NA,NA,NA,NA,NA,NA,
10/1/2019,SKA,NA,Skaneateles Lake,RT,NO_BLOOM,NO BLOOM PRESENT,42.903298,-76.394734,NA,NA,NA,NA,NA,NA,NA,NA,NA,
10/1/2019,SKA,NA,Skaneateles Lake,RT,NO_BLOOM,NO BLOOM PRESENT,42.84942,-76.34233,NA,NA,NA,NA,NA,NA,NA,NA,NA,
10/2/2019,CSL,19-139.2-08,Skaneateles Lake,OW,NO_BLOOM,OPEN WATER,42.801633,-76.292495,NA,NA,0.1,2,0.7,0,1.1,UFI,Skaneateles Lake Site 2 Epi,
10/2/2019,SKA,NA,Skaneateles Lake,RT,NO_BLOOM,NO BLOOM PRESENT,42.86237,-76.36047,NA,NA,NA,NA,NA,NA,NA,NA,NA,
10/2/2019,SKA,NA,Skaneateles Lake,RT,NO_BLOOM,NO BLOOM PRESENT,42.922,-76.4299,NA,NA,NA,NA,NA,NA,NA,NA,NA,
10/2/2019,SKA,NA,Skaneateles Lake,RT,NO_BLOOM,NO BLOOM PRESENT,42.86776,-76.36758,NA,NA,NA,NA,NA,NA,NA,NA,NA,
10/7/2019,SKA,NA,Skaneateles Lake,RT,NO_BLOOM,NO BLOOM PRESENT,42.8382,-76.35908,NA,NA,NA,NA,NA,NA,NA,NA,NA,
10/7/2019,SKA,NA,Skaneateles Lake,RT,NO_BLOOM,NO BLOOM PRESENT,42.8333,-76.3229,NA,NA,NA,NA,NA,NA,NA,NA,NA,
10/7/2019,SKA,NA,Skaneateles Lake,RT,NO_BLOOM,NO BLOOM PRESENT,42.87559,-76.40622,NA,NA,NA,NA,NA,NA,NA,NA,NA,
10/8/2019,SKA,NA,Skaneateles Lake,RT,NO_BLOOM,NO BLOOM PRESENT,42.86776,-76.36758,NA,NA,NA,NA,NA,NA,NA,NA,NA,
10/8/2019,SKA,NA,Skaneateles Lake,RT,NO_BLOOM,NO BLOOM PRESENT,34.0907,-74.61228,NA,NA,NA,NA,NA,NA,NA,NA,NA,
10/8/2019,SKA,NA,Skaneateles Lake,RT,NO_BLOOM,NO BLOOM PRESENT,42.903298,-76.394734,NA,NA,NA,NA,NA,NA,NA,NA,NA,
10/9/2019,SKA,NA,Skaneateles Lake,RT,NO_BLOOM,NO BLOOM PRESENT,42.84942,-76.34233,NA,NA,NA,NA,NA,NA,NA,NA,NA,
10/10/2019,SKA,NA,Skaneateles Lake,RT,NO_BLOOM,NO BLOOM PRESENT,42.8622,-76.4003,NA,NA,NA,NA,NA,NA,NA,NA,NA,
10/11/2019,SKA,NA,Skaneateles Lake,RT,SUSPICIOUS,SMALL LOCALIZED,42.94501,-76.43028,NA,NA,NA,NA,NA,NA,NA,NA,NA,
10/11/2019,SKA,NA,Skaneateles Lake,RT,SUSPICIOUS,SMALL LOCALIZED,42.93064,-76.42617,NA,NA,NA,NA,NA,NA,NA,NA,NA,
10/11/2019,SKA,NA,Skaneateles Lake,RT,NO_BLOOM,NO BLOOM PRESENT,42.83548,-76.41382,NA,NA,NA,NA,NA,NA,NA,NA,NA,
10/11/2019,SKA,NA,Skaneateles Lake,RT,NO_BLOOM,NO BLOOM PRESENT,42.908088,-76.39592,NA,NA,NA,NA,NA,NA,NA,NA,NA,
10/14/2019,SKA,NA,Skaneateles Lake,RT,NO_BLOOM,NO BLOOM PRESENT,42.922,-76.4299,NA,NA,NA,NA,NA,NA,NA,NA,NA,
10/14/2019,SKA,NA,Skaneateles Lake,RT,NO_BLOOM,NO BLOOM PRESENT,42.77776,-76.28026,NA,NA,NA,NA,NA,NA,NA,NA,NA,
10/14/2019,SKA,NA,Skaneateles Lake,RT,NO_BLOOM,NO BLOOM PRESENT,42.8333,-76.3229,NA,NA,NA,NA,NA,NA,NA,NA,NA,
10/14/2019,SKA,NA,Skaneateles Lake,RT,NO_BLOOM,NO BLOOM PRESENT,45.42023,-76.54817,NA,NA,NA,NA,NA,NA,NA,NA,NA,
10/15/2019,SKA,NA,Skaneateles Lake,RT,NO_BLOOM,NO BLOOM PRESENT,52.94668,-94.84331,NA,NA,NA,NA,NA,NA,NA,NA,NA,
10/15/2019,SKA,NA,Skaneateles Lake,RT,NO_BLOOM,NO BLOOM PRESENT,42.8622,-76.4003,NA,NA,NA,NA,NA,NA,NA,NA,NA,
10/15/2019,SKA,NA,Skaneateles Lake,RT,NO_BLOOM,NO BLOOM PRESENT,35.96183,-57.22642,NA,NA,NA,NA,NA,NA,NA,NA,NA,
10/15/2019,SKA,NA,Skaneateles Lake,RT,NO_BLOOM,NO BLOOM PRESENT,42.86776,-76.36758,NA,NA,NA,NA,NA,NA,NA,NA,NA,
10/15/2019,SKA,NA,Skaneateles Lake,RT,NO_BLOOM,NO BLOOM PRESENT,42.87559,-76.40622,NA,NA,NA,NA,NA,NA,NA,NA,NA,
10/16/2019,SKA,NA,Skaneateles Lake,RT,NO_BLOOM,NO BLOOM PRESENT,42.903298,-76.394734,NA,NA,NA,NA,NA,NA,NA,NA,NA,
6/2/2019,CSL,19-92.3-01,Seneca Lake,OW,NO_BLOOM,NOT REPORTED,42.771133,-76.95,NA,NA,0,5.4,0,2.4,3,UFI,Seneca Lake Site 3 Epi,
6/4/2019,CSL,19-92.1-01,Seneca Lake,OW,NO_BLOOM,NOT REPORTED,42.771133,-76.95,NA,NA,0,3.3,0,1.7,1.6,UFI,Seneca Lake Site 1 Epi,
6/8/2019,CSL,19-92.4-01,Seneca Lake,OW,NO_BLOOM,NOT REPORTED,42.453,-76.887,NA,NA,0,4,0,2.2,1.8,UFI,Seneca Lake Site 4 Epi,
6/12/2019,CSL,19-92.2-01,Seneca Lake,OW,NO_BLOOM,NOT REPORTED,42.585357,-76.897686,NA,NA,0,6.5,0,3.2,3.3,UFI,Seneca Lake Site 2 Epi,
6/17/2019,CSL,19-92.3-02,Seneca Lake,OW,NO_BLOOM,NOT REPORTED,42.69049,-76.921838,NA,NA,0,7.4,0,3.2,4.2,UFI,Seneca Lake Site 3 Epi,
6/18/2019,CSL,19-92.1-02,Seneca Lake,OW,NO_BLOOM,NOT REPORTED,42.771133,-76.95,NA,NA,0,3.9,0,2,1.9,UFI,Seneca Lake Site 1 Epi,
6/22/2019,CSL,19-92.4-02,Seneca Lake,OW,NO_BLOOM,NO BLOOM PRESENT,42.453,-76.887,NA,NA,0,9.7,0,5.6,4.1,UFI,Seneca Lake Site 4 Epi,
6/23/2019,PUB,NA,Seneca Lake,RT,NO_BLOOM,OPEN WATER,42.385259,-76.859812,NA,NA,NA,NA,NA,NA,NA,NA,NA,
6/24/2019,CSL,19-92.2-02,Seneca Lake,OW,NO_BLOOM,NOT REPORTED,42.585357,-76.897686,NA,NA,0,3.6,0.7,1.3,1.6,UFI,Seneca Lake Site 2 Epi,
6/29/2019,CSL,19-92.3-03,Seneca Lake,OW,NO_BLOOM,NO BLOOM PRESENT,42.69049,-76.921838,NA,NA,0,4,0.7,0.9,2.4,UFI,Seneca Lake Site 3 Epi,
6/30/2019,CSL,19-92.2-03,Seneca Lake,OW,NO_BLOOM,NO BLOOM PRESENT,42.585357,-76.897686,NA,NA,0,8.9,0.6,1.4,6.9,UFI,Seneca Lake Site 2 Epi,
7/2/2019,CSL,19-92.1-03,Seneca Lake,OW,NO_BLOOM,NO BLOOM PRESENT,42.771133,-76.95,NA,NA,0,4.3,0.4,0.9,2.9,UFI,Seneca Lake Site 1 Epi,
7/6/2019,CSL,19-92.4-03,Seneca Lake,OW,NO_BLOOM,OPEN WATER,42.453,-76.887,NA,NA,0,5.1,2.8,0,2.3,UFI,Seneca Lake Site 4 Epi,
7/13/2019,CSL,19-92.3-04,Seneca Lake,OW,NO_BLOOM,OPEN WATER,42.69049,-76.921838,NA,NA,0.8,6.5,5.7,0,0,UFI,Seneca Lake Site 3 Epi,
7/15/2019 0:00,CSL,19-92.1-04,Seneca Lake,OW,NO_BLOOM,OPEN WATER,42.771133,-76.95,NA,NA,0.5,5.8,5.2,0,0,UFI,Seneca Lake Site 1 Epi,
7/20/2019 0:00,CSL,19-92.4-04,Seneca Lake,OW,NO_BLOOM,OPEN WATER,42.453,-76.887,NA,NA,0,6.7,6.7,0,0,UFI,Seneca Lake Site 4 Epi,
7/22/2019,CSL,19-92.2-04,Seneca Lake,OW,NO_BLOOM,OPEN WATER,42.585357,-76.897686,NA,NA,0.2,6.3,6,0,0,UFI,Seneca Lake Site 2 Epi,
7/28/2019,CSL,19-92.2-05,Seneca Lake,OW,NO_BLOOM,NO BLOOM PRESENT,42.585357,-76.897686,NA,NA,0,7.5,6.3,0,1.2,UFI,Seneca Lake Site 2 Epi,
7/29/2019,CSL,19-92.1-05,Seneca Lake,OW,NO_BLOOM,NO BLOOM PRESENT,42.771133,-76.95,Cyrptophyta,NA,0,10.4,10.4,0,0,UFI,Seneca Lake Site 1 Epi,<LOD
7/29/2019,CSL,19-92.3-05,Seneca Lake,OW,NO_BLOOM,NO BLOOM PRESENT,42.69049,-76.921838,Cryptophyta,NA,0,11.6,11.6,0,0,UFI,Seneca Lake Site 3 Epi,<LOD
7/29/2019,CSL,19-92.1-99,Seneca Lake,OW,NO_BLOOM,NO BLOOM PRESENT,42.771133,-76.95,NA,NA,0,9,6.6,0,2.4,UFI,Seneca Lake Site 1 Epi,
8/4/2019,CSL,19-92.4-05,Seneca Lake,OW,NO_BLOOM,OPEN WATER,42.453,-76.887,NA,NA,0,6.3,6.3,0,0,UFI,Seneca Lake Site 4 Epi,
8/11/2019,CSL,19-92.2-06,Seneca Lake,OW,NO_BLOOM,OPEN WATER,42.585357,-76.897686,NA,NA,0,2.8,0.9,0.8,1.1,UFI,Seneca Lake Site 2 Epi,
8/11/2019,CSL,19-92.3-06,Seneca Lake,OW,NO_BLOOM,OPEN WATER,42.69049,-76.921838,NA,NA,0,3,1.4,1.1,0.6,UFI,Seneca Lake Site 3 Epi,
8/13/2019,CSL,19-92.1-B1,Seneca Lake,SB,NO_BLOOM,NOT REPORTED,42.771133,-76.95,NA,NA,0,6.6,0.9,2.3,3.4,UFI,Seneca Lake Site 1 Epi,<LOD
8/13/2019,CSL,19-92.1-06,Seneca Lake,OW,NO_BLOOM,OPEN WATER,42.771133,-76.95,NA,NA,0,6.7,1,2.8,2.9,UFI,Seneca Lake Site 1 Epi,
8/13/2019,CSL,NA,Seneca Lake,RT,NO_BLOOM,NO BLOOM PRESENT,42.77117,-76.93012,NA,NA,NA,NA,NA,NA,NA,NA,NA,
8/17/2019,CSL,19-92.4-06,Seneca Lake,OW,NO_BLOOM,OPEN WATER,42.453,-76.887,NA,NA,0,5.4,1.8,1,2.6,UFI,Seneca Lake Site 4 Epi,
8/21/2019,PUB,NA,Seneca Lake,RT,SUSPICIOUS,SMALL LOCALIZED,42.385259,-76.859812,NA,NA,NA,NA,NA,NA,NA,NA,NA,
8/21/2019,SEN,NA,Seneca Lake,RT,SUSPICIOUS,SMALL LOCALIZED,42.7129,-76.9629,NA,NA,NA,NA,NA,NA,NA,NA,NA,
8/21/2019,SEN,19-3025-B01,Seneca Lake,SB,CONFIRMED_WITH_HIGH_TOXINS,SMALL LOCALIZED,42.69284789,-76.95754376,"Microcystis, Dolichospermum",75,35.8,36.8,1.1,0,0,NA,Seneca Lake,>
8/21/2019,SEN,19-3066-B01,Seneca Lake,SB,CONFIRMED_WITH_HIGH_TOXINS,SMALL LOCALIZED,42.75353,-76.97394,"Microcystis, Anabaena",75,39.6,41,1.3,0,0,NA,Seneca Lake,>
8/24/2019,CSL,19-92.3-07,Seneca Lake,OW,NO_BLOOM,OPEN WATER,42.69049,-76.921838,NA,NA,0,5.4,2.9,0,2.5,UFI,Seneca Lake Site 3 Epi,
8/25/2019,CSL,19-92.2-07,Seneca Lake,OW,NO_BLOOM,OPEN WATER,42.585357,-76.897686,NA,NA,0,9.3,2.6,3.9,2.8,UFI,Seneca Lake Site 2 Epi D,
9/1/2019,CSL,19-92.4-07,Seneca Lake,OW,NO_BLOOM,OPEN WATER,42.453,-76.887,NA,NA,0,8.6,2.6,2.2,3.8,UFI,Seneca Lake Site 4 Epi,
9/2/2019,CSL,19-92.2-08,Seneca Lake,OW,NO_BLOOM,OPEN WATER,42.585357,-76.897686,NA,NA,0,6,2,2,2,UFI,Seneca Lake Site 2 Epi,
9/3/2019,CSL,19-92.1-07,Seneca Lake,OW,NO_BLOOM,OPEN WATER,42.771133,-76.95,NA,NA,0.2,4.6,1,1.5,1.9,UFI,Seneca Lake Site 1 Epi,
9/5/2019,PUB,NA,Seneca Lake,RT,SUSPICIOUS,LARGE LOCALIZED,42.80242802,-76.97430097,NA,NA,NA,NA,NA,NA,NA,NA,NA,
9/5/2019,PUB,NA,Seneca Lake,RT,SUSPICIOUS,SMALL LOCALIZED,42.385259,-76.859812,NA,NA,NA,NA,NA,NA,NA,NA,NA,
9/5/2019,PUB,NA,Seneca Lake,RT,NO_BLOOM,SMALL LOCALIZED,42.385259,-76.859812,NA,NA,NA,NA,NA,NA,NA,NA,NA,
9/5/2019,SEN,19-3002-B01,Seneca Lake,SB,SUSPICIOUS,LARGE LOCALIZED,42.8703611,-76.94322462,NA,NA,NA,NA,NA,NA,NA,NA,NA,
9/5/2019,SEN,19-3009-B01,Seneca Lake,SB,SUSPICIOUS,SMALL LOCALIZED,42.73288577,-76.91582301,NA,NA,NA,NA,NA,NA,NA,NA,NA,
9/5/2019,SEN,19-3016-B01,Seneca Lake,SB,SUSPICIOUS,NOT REPORTED,42.48740845,-76.91216209,NA,NA,NA,NA,NA,NA,NA,NA,NA,
9/5/2019,SEN,19-3023-B01,Seneca Lake,SB,SUSPICIOUS,SMALL LOCALIZED,42.66896418,-76.93031945,NA,NA,NA,NA,NA,NA,NA,NA,NA,
9/5/2019,SEN,19-3028-B03,Seneca Lake,SB,SUSPICIOUS,SMALL LOCALIZED,42.74678909,-76.97214842,NA,NA,NA,NA,NA,NA,NA,NA,NA,
9/5/2019,SEN,19-3032-B01,Seneca Lake,SB,SUSPICIOUS,SMALL LOCALIZED,42.80024766,-76.93596781,NA,NA,NA,NA,NA,NA,NA,NA,NA,
9/5/2019,SEN,19-3037-B01,Seneca Lake,SB,SUSPICIOUS,SMALL LOCALIZED,42.76036044,-76.97269197,NA,NA,NA,NA,NA,NA,NA,NA,NA,
9/5/2019,SEN,19-3040-B01,Seneca Lake,SB,SUSPICIOUS,SMALL LOCALIZED,42.73636894,-76.96887034,NA,NA,NA,NA,NA,NA,NA,NA,NA,
9/5/2019,SEN,19-3050-B01,Seneca Lake,SB,SUSPICIOUS,SMALL LOCALIZED,42.77353261,-76.92587654,NA,NA,NA,NA,NA,NA,NA,NA,NA,
9/5/2019,SEN,19-3052-B01,Seneca Lake,SB,SUSPICIOUS,SMALL LOCALIZED,42.64031118,-76.87104687,NA,NA,NA,NA,NA,NA,NA,NA,NA,
9/5/2019,SEN,19-3057-B01,Seneca Lake,SB,SUSPICIOUS,SMALL LOCALIZED,42.81868855,-76.93897932,NA,NA,NA,NA,NA,NA,NA,NA,NA,
9/5/2019,SEN,19-3066-B02,Seneca Lake,SB,SUSPICIOUS,SMALL LOCALIZED,42.75353,-76.97394,NA,NA,NA,NA,NA,NA,NA,NA,NA,
9/5/2019,SEN,19-3087-B01,Seneca Lake,SB,SUSPICIOUS,LARGE LOCALIZED,42.7401,-76.97,NA,NA,NA,NA,NA,NA,NA,NA,NA,
9/5/2019,SEN,19-3089-B02,Seneca Lake,SB,SUSPICIOUS,NOT REPORTED,42.661514,-76.873967,NA,NA,NA,NA,NA,NA,NA,NA,NA,
9/5/2019,SEN,19-3001-B01,Seneca Lake,SB,CONFIRMED_WITH_HIGH_TOXINS,LARGE LOCALIZED,42.87261925,-76.95868948,Microcystis,75,581.6,581.6,0,0,0,NA,Seneca Lake,>
9/5/2019,SEN,19-3006-B01,Seneca Lake,SB,CONFIRMED_WITH_HIGH_TOXINS,NOT REPORTED,42.80631185,-76.93686843,Microcystis,75,401.9,401.9,0,0,0,NA,Seneca Lake,>
9/5/2019,SEN,19-3019-B01,Seneca Lake,SB,CONFIRMED_WITH_HIGH_TOXINS,NOT REPORTED,42.5460816,-76.90983844,Microcystis,75,160.7,166.5,5.9,0,0,NA,Seneca Lake,>
9/5/2019,SEN,19-3029-B01,Seneca Lake,SB,CONFIRMED_WITH_HIGH_TOXINS,NOT REPORTED,42.78449838,-76.97484359,"Microcystis, Tabellaria",75,738,756.8,18.9,0,0,NA,Seneca Lake,>
9/5/2019,SEN,19-3048-B01,Seneca Lake,SB,CONFIRMED_WITH_HIGH_TOXINS,NOT REPORTED,42.661514,-76.873967,"Microcystis, Cryptophyta",75,795.3,888.3,93,0,0,NA,Seneca Lake,>
9/5/2019,SEN,19-3065-B01,Seneca Lake,SB,CONFIRMED_WITH_HIGH_TOXINS,SMALL LOCALIZED,42.76714,-76.97223,Microcystis,75,82.2,82.3,0,0,0,NA,Seneca Lake,>
9/6/2019,PUB,NA,Seneca Lake,RT,SUSPICIOUS,SMALL LOCALIZED,42.385259,-76.859812,NA,NA,NA,NA,NA,NA,NA,NA,NA,
9/6/2019,SEN,NA,Seneca Lake,RT,SUSPICIOUS,NOT REPORTED,42.8116,-76.93679,NA,NA,NA,NA,NA,NA,NA,NA,NA,
9/6/2019,SEN,NA,Seneca Lake,RT,SUSPICIOUS,SMALL LOCALIZED,42.42876,-76.87079,NA,NA,NA,NA,NA,NA,NA,NA,NA,
9/6/2019,SEN,NA,Seneca Lake,RT,SUSPICIOUS,NOT REPORTED,42.60823,-76.92043,NA,NA,NA,NA,NA,NA,NA,NA,NA,
9/6/2019,SEN,NA,Seneca Lake,RT,NO_BLOOM,LARGE LOCALIZED,42.74679,-76.97215,NA,NA,NA,NA,NA,NA,NA,NA,NA,
9/6/2019,SEN,NA,Seneca Lake,RT,SUSPICIOUS,LARGE LOCALIZED,42.76036,-76.97269,NA,NA,NA,NA,NA,NA,NA,NA,NA,
9/6/2019,SEN,NA,Seneca Lake,RT,NO_BLOOM,LARGE LOCALIZED,42.60992,-76.87503,NA,NA,NA,NA,NA,NA,NA,NA,NA,
9/6/2019,SEN,NA,Seneca Lake,RT,SUSPICIOUS,LARGE LOCALIZED,42.55326,-76.88112,NA,NA,NA,NA,NA,NA,NA,NA,NA,
9/6/2019,SEN,19-3005-B03,Seneca Lake,SB,CONFIRMED_WITH_HIGH_TOXINS,LARGE LOCALIZED,42.81159742,-76.93679161,Microcystis,75,129.1,129.2,0.2,0,0,NA,Seneca Lake,>
9/6/2019,SEN,19-3042-B01,Seneca Lake,SB,CONFIRMED_WITH_HIGH_TOXINS,SMALL LOCALIZED,42.62574648,-76.92009179,Microcystis,75,780.5,843.5,63,0,0,NA,Seneca Lake,>
9/6/2019,SEN,19-3070-B01,Seneca Lake,SB,CONFIRMED_WITH_HIGH_TOXINS,LARGE LOCALIZED,42.56287,-76.8788,Microcystis,75,739.9,766.1,26.2,0,0,NA,Seneca Lake,>
9/6/2019,SEN,19-3025-B02,Seneca Lake,SB,CONFIRMED_WITH_HIGH_TOXINS,SMALL LOCALIZED,42.69284789,-76.95754376,Microcystis,34,98.5,99.9,1.4,0,0,NA,Seneca Lake,
9/8/2019,CSL,19-92.3-08,Seneca Lake,OW,NO_BLOOM,OPEN WATER,42.69049,-76.921838,NA,NA,0,5.7,1,2.1,2.6,UFI,Seneca Lake Site 3 Epi,
9/8/2019,SEN,NA,Seneca Lake,RT,NO_BLOOM,SMALL LOCALIZED,42.39081,-76.85794,NA,NA,NA,NA,NA,NA,NA,NA,NA,
9/8/2019,SEN,19-3059-B01,Seneca Lake,SB,CONFIRMED_WITH_HIGH_TOXINS,NOT REPORTED,42.45895,-76.87438,Microcystis,75,108.5,112,3.5,0,0,NA,Seneca Lake,>
9/8/2019,SEN,19-3011-B02,Seneca Lake,SB,CONFIRMED_WITH_HIGH_TOXINS,NOT REPORTED,42.47284501,-76.8798021,Microcystis,58,164.4,169.9,5.5,0,0,NA,Seneca Lake,
9/8/2019,SEN,19-3056-B01,Seneca Lake,SB,CONFIRMED_WITH_HIGH_TOXINS,LARGE LOCALIZED,42.48644226,-76.88527742,Microcystis,24,433.3,448.4,15.1,0,0,NA,Seneca Lake,
9/8/2019,SEN,19-3093-B01,Seneca Lake,SB,CONFIRMED,LARGE LOCALIZED,42.4691,-76.878,Microcystis,9.5,659,682,23,0,0,NA,Seneca Lake,
9/8/2019,SEN,19-3010-B01,Seneca Lake,SB,CONFIRMED,LARGE LOCALIZED,42.50511726,-76.88802576,Microcystis,7.5,434.3,452.9,18.6,0,0,NA,Seneca Lake,
9/9/2019,SEN,NA,Seneca Lake,RT,SUSPICIOUS,SMALL LOCALIZED,42.47284,-76.8798,NA,NA,NA,NA,NA,NA,NA,NA,NA,
9/9/2019,SEN,NA,Seneca Lake,RT,SUSPICIOUS,SMALL LOCALIZED,42.44875,-76.87327,NA,NA,NA,NA,NA,NA,NA,NA,NA,
9/9/2019,SEN,NA,Seneca Lake,RT,SUSPICIOUS,LARGE LOCALIZED,42.39638,-76.88138,NA,NA,NA,NA,NA,NA,NA,NA,NA,
9/9/2019,SEN,19-3016-B02,Seneca Lake,SB,CONFIRMED,LARGE LOCALIZED,42.48741,-76.91216,"Microcystis, Fragilaria, Tabellaria",14,527.3,543.8,16.5,0,0,NA,Seneca Lake,
9/10/2019,PUB,NA,Seneca Lake,RT,SUSPICIOUS,SMALL LOCALIZED,42.385259,-76.859812,NA,NA,NA,NA,NA,NA,NA,NA,NA,
9/11/2019,SEN,19-3053-B02,Seneca Lake,SB,CONFIRMED_WITH_HIGH_TOXINS,LARGE LOCALIZED,42.60991945,-76.87503021,Microcystis,39,811.1,940.1,129,0,0,NA,Seneca Lake,
9/15/2019,CSL,19-92.4-08,Seneca Lake,OW,NO_BLOOM,OPEN WATER,42.453,-76.887,Fragilaria,NA,0,11.1,1.6,1.7,7.8,UFI,Seneca Lake Site 4 Epi,<LOD
9/15/2019,SEN,19-3010-B03,Seneca Lake,SB,SUSPICIOUS,NOT REPORTED,42.50511726,-76.88802576,NA,NA,NA,NA,NA,NA,NA,NA,NA,
9/15/2019,SEN,19-3011-B04,Seneca Lake,SB,SUSPICIOUS,NOT REPORTED,42.47284501,-76.8798021,NA,NA,NA,NA,NA,NA,NA,NA,NA,
9/15/2019,SEN,19-3014-B02,Seneca Lake,SB,SUSPICIOUS,NOT REPORTED,42.428763,-76.87078929,NA,NA,NA,NA,NA,NA,NA,NA,NA,
9/15/2019,SEN,19-3080-B01,Seneca Lake,SB,SUSPICIOUS,NOT REPORTED,42.39081,-76.85794,NA,NA,NA,NA,NA,NA,NA,NA,NA,
9/15/2019,SEN,19-3011-B4,Seneca Lake,SB,NO_BLOOM,NOT REPORTED,42.47284501,-76.8798021,NA,9.3,NA,NA,NA,NA,NA,NA,Seneca Lake,
9/15/2019,SEN,19-3014-B2,Seneca Lake,SB,NO_BLOOM,NOT REPORTED,NA,NA,NA,4.3,NA,NA,NA,NA,NA,NA,Seneca Lake,
9/16/2019,PUB,NA,Seneca Lake,RT,SUSPICIOUS,LARGE LOCALIZED,42.57643,-76.91801,NA,NA,NA,NA,NA,NA,NA,NA,NA,
9/16/2019,SEN,19-3021-B02,Seneca Lake,SB,SUSPICIOUS,NOT REPORTED,42.60823115,-76.92043243,NA,NA,NA,NA,NA,NA,NA,NA,NA,
9/16/2019,SEN,19-3028-B05,Seneca Lake,SB,SUSPICIOUS,NOT REPORTED,42.74678909,-76.97214842,NA,NA,NA,NA,NA,NA,NA,NA,NA,
9/16/2019,SEN,19-3037-B03,Seneca Lake,SB,SUSPICIOUS,NOT REPORTED,42.76036044,-76.97269197,NA,NA,NA,NA,NA,NA,NA,NA,NA,
9/16/2019,SEN,19-3059-B02,Seneca Lake,SB,SUSPICIOUS,NOT REPORTED,42.45895,-76.87438,NA,NA,NA,NA,NA,NA,NA,NA,NA,
9/16/2019,SEN,19-3019-B02,Seneca Lake,SB,CONFIRMED_WITH_HIGH_TOXINS,NOT REPORTED,42.5460816,-76.90983844,NA,75,NA,NA,NA,NA,NA,NA,Seneca Lake,>
9/16/2019,SEN,19-3042-B02,Seneca Lake,SB,CONFIRMED_WITH_HIGH_TOXINS,NOT REPORTED,42.62574648,-76.92009179,NA,75,NA,NA,NA,NA,NA,NA,Seneca Lake,>
9/16/2019,SEN,19-3076-B02,Seneca Lake,SB,CONFIRMED_WITH_HIGH_TOXINS,NOT REPORTED,42.56166,-76.9136,NA,75,NA,NA,NA,NA,NA,NA,Seneca Lake,>
9/16/2019,SEN,19-3090-B01,Seneca Lake,SB,CONFIRMED_WITH_HIGH_TOXINS,NOT REPORTED,42.5897,-76.9184,NA,75,NA,NA,NA,NA,NA,NA,Seneca Lake,>
9/16/2019,SEN,19-3016-B03,Seneca Lake,SB,CONFIRMED_WITH_HIGH_TOXINS,NOT REPORTED,42.48740845,-76.91216209,NA,59,NA,NA,NA,NA,NA,NA,Seneca Lake,
9/16/2019,SEN,19-3028-B5,Seneca Lake,SB,NO_BLOOM,NOT REPORTED,NA,NA,NA,3,NA,NA,NA,NA,NA,NA,Seneca Lake,
9/17/2019,CSL,19-92.1-08,Seneca Lake,OW,NO_BLOOM,OPEN WATER,42.771133,-76.95,"filamentous green algae, Tabellaria, Fragilaria",NA,0,13.5,1.5,2.1,9.8,UFI,Seneca Lake Site 1 Epi,<LOD
9/17/2019,CSL,19-92.1-B2,Seneca Lake,SB,NO_BLOOM,NOT REPORTED,42.79574,-76.93595,NA,NA,0,9.9,1.3,2.1,6.5,UFI,Seneca Lake Site 1 Epi,<LOD
9/17/2019,SEN,19-3012-B02,Seneca Lake,SB,SUSPICIOUS,SMALL LOCALIZED,42.44875529,-76.87327058,NA,NA,NA,NA,NA,NA,NA,NA,NA,
9/17/2019,SEN,19-3041-B01,Seneca Lake,SB,SUSPICIOUS,NOT REPORTED,42.70449743,-76.96050053,NA,NA,NA,NA,NA,NA,NA,NA,NA,
9/17/2019,SEN,19-3066-B03,Seneca Lake,SB,SUSPICIOUS,NOT REPORTED,42.75353,-76.97394,NA,NA,NA,NA,NA,NA,NA,NA,NA,
9/17/2019,SEN,19-3025-B03,Seneca Lake,SB,CONFIRMED_WITH_HIGH_TOXINS,NOT REPORTED,42.69284789,-76.95754376,NA,75,NA,NA,NA,NA,NA,NA,Seneca Lake,>
9/17/2019,SEN,19-3082-B02,Seneca Lake,SB,CONFIRMED_WITH_HIGH_TOXINS,NOT REPORTED,42.39638,-76.88138,NA,75,NA,NA,NA,NA,NA,NA,Seneca Lake,>
9/18/2019,PUB,NA,Seneca Lake,RT,SUSPICIOUS,LARGE LOCALIZED,42.42297157,-76.86943257,NA,NA,NA,NA,NA,NA,NA,NA,NA,
9/18/2019,SEN,19-3016-B04,Seneca Lake,SB,SUSPICIOUS,NOT REPORTED,42.48740845,-76.91216209,NA,NA,NA,NA,NA,NA,NA,NA,NA,
9/20/2019,SEN,19-3009-B02,Seneca Lake,SB,CONFIRMED_WITH_HIGH_TOXINS,LARGE LOCALIZED,42.73289,-76.91582,NA,75,NA,NA,NA,NA,NA,NA,Seneca Lake,>
9/20/2019,SEN,19-3094-B01,Seneca Lake,SB,CONFIRMED_WITH_HIGH_TOXINS,SMALL LOCALIZED,42.5124,-76.8861,NA,75,NA,NA,NA,NA,NA,NA,Seneca Lake,>
9/21/2019,SEN,19-3066-B04,Seneca Lake,SB,CONFIRMED_WITH_HIGH_TOXINS,SMALL LOCALIZED,42.75353,-76.97394,NA,75,NA,NA,NA,NA,NA,NA,Seneca Lake,>
9/21/2019,SEN,19-3072-B02,Seneca Lake,SB,CONFIRMED_WITH_HIGH_TOXINS,LARGE LOCALIZED,42.52392,-76.88352,NA,25,NA,NA,NA,NA,NA,NA,Seneca Lake,
9/23/2019,SEN,NA,Seneca Lake,RT,SUSPICIOUS,SMALL LOCALIZED,42.64031,-76.87105,NA,NA,NA,NA,NA,NA,NA,NA,NA,
9/30/2019,SEN,19-3098-B01,Seneca Lake,SB,CONFIRMED_WITH_HIGH_TOXINS,SMALL LOCALIZED,42.8612,-76.9418,Microcystis,75,110.6,110.6,0,0,0,NA,Seneca Lake,>
10/1/2019,SEN,19-3025-B04,Seneca Lake,SB,CONFIRMED_WITH_HIGH_TOXINS,LARGE LOCALIZED,42.69284789,-76.95754376,Microcystis,75,106.6,106.6,0,0,0,NA,Seneca Lake,>
10/2/2019,PUB,NA,Seneca Lake,RT,SUSPICIOUS,LARGE LOCALIZED,42.59669547,-76.91889543,NA,NA,NA,NA,NA,NA,NA,NA,NA,
10/2/2019,PUB,NA,Seneca Lake,RT,SUSPICIOUS,SMALL LOCALIZED,42.385259,-76.859812,NA,NA,NA,NA,NA,NA,NA,NA,NA,
10/2/2019,SEN,19-3066-B05,Seneca Lake,SB,SUSPICIOUS,SMALL LOCALIZED,42.75353,-76.97394,NA,NA,NA,NA,NA,NA,NA,NA,NA,
10/2/2019,CSL,19-92.2-B1,Seneca Lake,SB,CONFIRMED_WITH_HIGH_TOXINS,SMALL LOCALIZED,42.585357,-76.897686,NA,75,6.1,6.3,0.2,0,0,UFI,Seneca Lake Site 2 Epi,>
10/8/2019,SEN,19-3004-B02,Seneca Lake,SB,SUSPICIOUS,NOT REPORTED,42.83236026,-76.94103337,NA,NA,NA,NA,NA,NA,NA,NA,NA,
10/8/2019,SEN,19-3066-B06,Seneca Lake,SB,SUSPICIOUS,NOT REPORTED,42.75353,-76.97394,NA,NA,NA,NA,NA,NA,NA,NA,NA,
10/8/2019,SEN,19-3003-B02,Seneca Lake,SB,CONFIRMED_WITH_HIGH_TOXINS,NOT REPORTED,42.85446594,-76.94212087,NA,75,NA,NA,NA,NA,NA,NA,Seneca Lake,>
10/8/2019,SEN,19-3009-B03,Seneca Lake,SB,CONFIRMED_WITH_HIGH_TOXINS,NOT REPORTED,42.73288577,-76.91582301,NA,75,NA,NA,NA,NA,NA,NA,Seneca Lake,>
10/8/2019,SEN,19-3021-B03,Seneca Lake,SB,CONFIRMED_WITH_HIGH_TOXINS,NOT REPORTED,42.60823115,-76.92043243,NA,75,NA,NA,NA,NA,NA,NA,Seneca Lake,>
10/8/2019,SEN,19-3025-B05,Seneca Lake,SB,CONFIRMED_WITH_HIGH_TOXINS,NOT REPORTED,42.69284789,-76.95754376,NA,75,NA,NA,NA,NA,NA,NA,Seneca Lake,>
10/9/2019,SEN,19-3072-B03,Seneca Lake,SB,SUSPICIOUS,NOT REPORTED,42.52392,-76.88352,NA,NA,NA,NA,NA,NA,NA,NA,NA,
10/9/2019,SEN,19-3073-B01,Seneca Lake,SB,SUSPICIOUS,NOT REPORTED,42.70271,-76.89867,NA,NA,NA,NA,NA,NA,NA,NA,NA,
10/10/2019,SEN,19-3042-B03,Seneca Lake,SB,SUSPICIOUS,NOT REPORTED,42.62574648,-76.92009179,NA,NA,NA,NA,NA,NA,NA,NA,NA,
10/19/2019,OPR,NA,Seneca Lake,RT,SUSPICIOUS,SMALL LOCALIZED,42.7277,-76.91405,NA,NA,NA,NA,NA,NA,NA,NA,NA,
6/9/2019,CSL,19-61.2-01,Owasco Lake,OW,NO_BLOOM,NOT REPORTED,42.79458,-76.493173,NA,NA,0,3.9,0,1.4,2.5,UFI,Owasco Lake Site 2 Epi,
6/23/2019,CSL,19-61.2-02,Owasco Lake,OW,NO_BLOOM,NOT REPORTED,42.79458,-76.493173,NA,NA,0,5,0.5,2.7,1.7,UFI,Owasco Lake Site 2 Epi,
6/26/2019,PUB,NA,Owasco Lake,RT,NO_BLOOM,WIDESPREAD/LAKEWIDE,42.755844,-76.472587,NA,NA,NA,NA,NA,NA,NA,NA,NA,
7/8/2019,CSL,19-61.1-01,Owasco Lake,OW,NO_BLOOM,OPEN WATER,42.8445,-76.516,NA,NA,0,2.7,0.2,1.2,1.3,UFI,Owasco Lake Site 1 Epi,
7/8/2019,CSL,19-61.2-03,Owasco Lake,OW,NO_BLOOM,NOT REPORTED,42.79458,-76.493173,NA,NA,0,2.2,0.4,0.8,1,UFI,Owasco Lake Site 2 Epi,
7/8/2019,OWA,NA,Owasco Lake,RT,NO_BLOOM,NO BLOOM PRESENT,42.74179,-76.50479,NA,NA,NA,NA,NA,NA,NA,NA,NA,
7/8/2019,OWA,NA,Owasco Lake,RT,NO_BLOOM,NO BLOOM PRESENT,42.52558,-76.61985,NA,NA,NA,NA,NA,NA,NA,NA,NA,
7/8/2019,OWA,NA,Owasco Lake,RT,NO_BLOOM,NO BLOOM PRESENT,41.15125,-75.69481,NA,NA,NA,NA,NA,NA,NA,NA,NA,
7/8/2019,OWA,NA,Owasco Lake,RT,NO_BLOOM,NO BLOOM PRESENT,42.74179,-76.47542,NA,NA,NA,NA,NA,NA,NA,NA,NA,
7/8/2019,OWA,NA,Owasco Lake,RT,NO_BLOOM,NO BLOOM PRESENT,42.87787,-76.51545,NA,NA,NA,NA,NA,NA,NA,NA,NA,
7/8/2019,OWA,NA,Owasco Lake,RT,NO_BLOOM,NO BLOOM PRESENT,42.8267,-76.52179,NA,NA,NA,NA,NA,NA,NA,NA,NA,
7/8/2019,OWA,NA,Owasco Lake,RT,NO_BLOOM,NO BLOOM PRESENT,42.74179,-76.51927,NA,NA,NA,NA,NA,NA,NA,NA,NA,
7/8/2019,OWA,NA,Owasco Lake,RT,NO_BLOOM,NO BLOOM PRESENT,42.74179,-76.48413,NA,NA,NA,NA,NA,NA,NA,NA,NA,
7/8/2019,OWA,NA,Owasco Lake,RT,NO_BLOOM,NO BLOOM PRESENT,42.89465,-76.52566,NA,NA,NA,NA,NA,NA,NA,NA,NA,
7/8/2019,OWA,NA,Owasco Lake,RT,NO_BLOOM,NO BLOOM PRESENT,42.74179,-76.5446,NA,NA,NA,NA,NA,NA,NA,NA,NA,
7/8/2019,OWA,NA,Owasco Lake,RT,NO_BLOOM,NO BLOOM PRESENT,41.29886,-76.00352,NA,NA,NA,NA,NA,NA,NA,NA,NA,
7/8/2019,OWA,NA,Owasco Lake,RT,NO_BLOOM,NO BLOOM PRESENT,42.8723,-76.53734,NA,NA,NA,NA,NA,NA,NA,NA,NA,
7/9/2019,OWA,NA,Owasco Lake,RT,NO_BLOOM,NO BLOOM PRESENT,42.74179,-76.53097,NA,NA,NA,NA,NA,NA,NA,NA,NA,
7/15/2019,OWA,NA,Owasco Lake,RT,NO_BLOOM,NO BLOOM PRESENT,42.755844,-76.472587,NA,NA,NA,NA,NA,NA,NA,NA,NA,
7/15/2019,OWA,NA,Owasco Lake,RT,NO_BLOOM,NO BLOOM PRESENT,42.8253,-76.52081,NA,NA,NA,NA,NA,NA,NA,NA,NA,
7/15/2019,OWA,NA,Owasco Lake,RT,NO_BLOOM,NO BLOOM PRESENT,42.74179,-76.47542,NA,NA,NA,NA,NA,NA,NA,NA,NA,
7/15/2019,OWA,NA,Owasco Lake,RT,NO_BLOOM,NO BLOOM PRESENT,42.82242,-76.86479,NA,NA,NA,NA,NA,NA,NA,NA,NA,
7/15/2019,OWA,NA,Owasco Lake,RT,NO_BLOOM,NO BLOOM PRESENT,42.74179,-76.51703,NA,NA,NA,NA,NA,NA,NA,NA,NA,
7/15/2019,OWA,NA,Owasco Lake,RT,NO_BLOOM,NO BLOOM PRESENT,42.74179,-76.5446,NA,NA,NA,NA,NA,NA,NA,NA,NA,
7/15/2019,OWA,NA,Owasco Lake,RT,NO_BLOOM,NO BLOOM PRESENT,42.74179,-76.51927,NA,NA,NA,NA,NA,NA,NA,NA,NA,
7/15/2019,OWA,NA,Owasco Lake,RT,NO_BLOOM,NO BLOOM PRESENT,42.74179,-76.50253,NA,NA,NA,NA,NA,NA,NA,NA,NA,
7/15/2019,OWA,NA,Owasco Lake,RT,NO_BLOOM,NO BLOOM PRESENT,43.09579,-76.46604,NA,NA,NA,NA,NA,NA,NA,NA,NA,
7/15/2019,OWA,NA,Owasco Lake,RT,NO_BLOOM,NO BLOOM PRESENT,42.04401,-76.90161,NA,NA,NA,NA,NA,NA,NA,NA,NA,
7/15/2019,OWA,NA,Owasco Lake,RT,NO_BLOOM,NO BLOOM PRESENT,43.41549,-76.24563,NA,NA,NA,NA,NA,NA,NA,NA,NA,
7/15/2019,OWA,NA,Owasco Lake,RT,NO_BLOOM,NO BLOOM PRESENT,42.74179,-76.50479,NA,NA,NA,NA,NA,NA,NA,NA,NA,
7/16/2019,OWA,NA,Owasco Lake,RT,NO_BLOOM,NO BLOOM PRESENT,42.74179,-76.53097,NA,NA,NA,NA,NA,NA,NA,NA,NA,
7/16/2019,OWA,NA,Owasco Lake,RT,NO_BLOOM,NO BLOOM PRESENT,42.90068,-76.52851,NA,NA,NA,NA,NA,NA,NA,NA,NA,
7/16/2019,OWA,NA,Owasco Lake,RT,NO_BLOOM,NO BLOOM PRESENT,42.87192,-76.5366,NA,NA,NA,NA,NA,NA,NA,NA,NA,
7/21/2019 0:00,CSL,19-61.2-04,Owasco Lake,OW,NO_BLOOM,OPEN WATER,42.79458,-76.493173,NA,NA,0,6.3,0.5,5,0.8,UFI,Owasco Lake Site 2 Epi,
7/22/2019,OWA,NA,Owasco Lake,RT,NO_BLOOM,NO BLOOM PRESENT,42.89468,-76.52592,NA,NA,NA,NA,NA,NA,NA,NA,NA,
7/22/2019,OWA,NA,Owasco Lake,RT,NO_BLOOM,NO BLOOM PRESENT,42.74179,-76.51703,NA,NA,NA,NA,NA,NA,NA,NA,NA,
7/22/2019,OWA,NA,Owasco Lake,RT,NO_BLOOM,NO BLOOM PRESENT,42.74179,-76.51217,NA,NA,NA,NA,NA,NA,NA,NA,NA,
7/22/2019,OWA,NA,Owasco Lake,RT,NO_BLOOM,NO BLOOM PRESENT,42.74179,-76.5372,NA,NA,NA,NA,NA,NA,NA,NA,NA,
7/22/2019,OWA,NA,Owasco Lake,RT,NO_BLOOM,NO BLOOM PRESENT,42.74179,-76.51927,NA,NA,NA,NA,NA,NA,NA,NA,NA,
7/22/2019,OWA,NA,Owasco Lake,RT,NO_BLOOM,NO BLOOM PRESENT,42.82697,-76.52186,NA,NA,NA,NA,NA,NA,NA,NA,NA,
7/22/2019,OWA,NA,Owasco Lake,RT,NO_BLOOM,NO BLOOM PRESENT,42.74179,-76.543,NA,NA,NA,NA,NA,NA,NA,NA,NA,
7/22/2019,OWA,NA,Owasco Lake,RT,NO_BLOOM,NO BLOOM PRESENT,42.74179,-76.48413,NA,NA,NA,NA,NA,NA,NA,NA,NA,
7/22/2019,OWA,NA,Owasco Lake,RT,NO_BLOOM,NO BLOOM PRESENT,39.95483,-77.06255,NA,NA,NA,NA,NA,NA,NA,NA,NA,
7/22/2019,OWA,NA,Owasco Lake,RT,NO_BLOOM,NO BLOOM PRESENT,42.75889,-76.47552,NA,NA,NA,NA,NA,NA,NA,NA,NA,
7/22/2019,OWA,NA,Owasco Lake,RT,NO_BLOOM,NO BLOOM PRESENT,42.74179,-76.50253,NA,NA,NA,NA,NA,NA,NA,NA,NA,
7/22/2019,OWA,NA,Owasco Lake,RT,NO_BLOOM,NO BLOOM PRESENT,42.74179,-76.52372,NA,NA,NA,NA,NA,NA,NA,NA,NA,
7/22/2019,OWA,NA,Owasco Lake,RT,NO_BLOOM,NO BLOOM PRESENT,42.80312,-76.52063,NA,NA,NA,NA,NA,NA,NA,NA,NA,
7/22/2019,OWA,NA,Owasco Lake,RT,NO_BLOOM,NO BLOOM PRESENT,42.74179,-76.5446,NA,NA,NA,NA,NA,NA,NA,NA,NA,
7/22/2019,OWA,NA,Owasco Lake,RT,NO_BLOOM,NO BLOOM PRESENT,42.9062,-76.53695,NA,NA,NA,NA,NA,NA,NA,NA,NA,
7/22/2019,OWA,NA,Owasco Lake,RT,NO_BLOOM,NO BLOOM PRESENT,42.74179,-76.50479,NA,NA,NA,NA,NA,NA,NA,NA,NA,
7/23/2019,CSL,19-61.1-02,Owasco Lake,OW,NO_BLOOM,NO BLOOM PRESENT,42.8737984,-76.5281982,NA,NA,0,7.4,1,4.9,1.5,UFI,Owasco Lake Site 1 Epi,
7/29/2019,OWA,NA,Owasco Lake,RT,NO_BLOOM,NO BLOOM PRESENT,42.74179,-76.51217,NA,NA,NA,NA,NA,NA,NA,NA,NA,
7/29/2019,OWA,NA,Owasco Lake,RT,NO_BLOOM,NO BLOOM PRESENT,42.74179,-76.48413,NA,NA,NA,NA,NA,NA,NA,NA,NA,
7/29/2019,OWA,NA,Owasco Lake,RT,NO_BLOOM,NO BLOOM PRESENT,42.82671,-76.5218,NA,NA,NA,NA,NA,NA,NA,NA,NA,
7/29/2019,OWA,NA,Owasco Lake,RT,NO_BLOOM,NO BLOOM PRESENT,42.74179,-76.50253,NA,NA,NA,NA,NA,NA,NA,NA,NA,
7/29/2019,OWA,NA,Owasco Lake,RT,NO_BLOOM,NO BLOOM PRESENT,42.88454,-76.54283,NA,NA,NA,NA,NA,NA,NA,NA,NA,
7/29/2019,OWA,NA,Owasco Lake,RT,NO_BLOOM,NO BLOOM PRESENT,42.74179,-76.51323,NA,NA,NA,NA,NA,NA,NA,NA,NA,
7/29/2019,OWA,NA,Owasco Lake,RT,NO_BLOOM,NO BLOOM PRESENT,42.74179,-76.51927,NA,NA,NA,NA,NA,NA,NA,NA,NA,
7/29/2019,OWA,NA,Owasco Lake,RT,NO_BLOOM,NO BLOOM PRESENT,42.74179,-76.52372,NA,NA,NA,NA,NA,NA,NA,NA,NA,
7/29/2019,OWA,NA,Owasco Lake,RT,NO_BLOOM,NO BLOOM PRESENT,42.74179,-76.53097,NA,NA,NA,NA,NA,NA,NA,NA,NA,
7/29/2019,OWA,NA,Owasco Lake,RT,NO_BLOOM,NO BLOOM PRESENT,42.74179,-76.51703,NA,NA,NA,NA,NA,NA,NA,NA,NA,
7/29/2019,OWA,NA,Owasco Lake,RT,NO_BLOOM,NO BLOOM PRESENT,42.74179,-76.5372,NA,NA,NA,NA,NA,NA,NA,NA,NA,
7/29/2019,OWA,NA,Owasco Lake,RT,NO_BLOOM,NO BLOOM PRESENT,42.74179,-76.52977,NA,NA,NA,NA,NA,NA,NA,NA,NA,
7/29/2019,OWA,NA,Owasco Lake,RT,NO_BLOOM,NO BLOOM PRESENT,42.74179,-76.50999,NA,NA,NA,NA,NA,NA,NA,NA,NA,
7/29/2019,OWA,NA,Owasco Lake,RT,NO_BLOOM,NO BLOOM PRESENT,42.74179,-76.47542,NA,NA,NA,NA,NA,NA,NA,NA,NA,
7/29/2019,OWA,NA,Owasco Lake,RT,NO_BLOOM,NO BLOOM PRESENT,42.74179,-76.5446,NA,NA,NA,NA,NA,NA,NA,NA,NA,
7/29/2019,OWA,NA,Owasco Lake,RT,NO_BLOOM,NO BLOOM PRESENT,42.74179,-76.50479,NA,NA,NA,NA,NA,NA,NA,NA,NA,
7/30/2019,OWA,NA,Owasco Lake,RT,NO_BLOOM,NO BLOOM PRESENT,42.89515,-76.52573,NA,NA,NA,NA,NA,NA,NA,NA,NA,
7/31/2019,PUB,NA,Owasco Lake,RT,SUSPICIOUS,SMALL LOCALIZED,42.755844,-76.472587,NA,NA,NA,NA,NA,NA,NA,NA,NA,
7/31/2019,PUB,NA,Owasco Lake,RT,SUSPICIOUS,SMALL LOCALIZED,42.755844,-76.472587,NA,NA,NA,NA,NA,NA,NA,NA,NA,
8/1/2019,DOH,NA,Owasco Lake,RT,SUSPICIOUS,SMALL LOCALIZED,42.81294,-76.49723,NA,NA,NA,NA,NA,NA,NA,NA,NA,
8/1/2019,OWA,NA,Owasco Lake,RT,SUSPICIOUS,SMALL LOCALIZED,42.82499,-76.52064,NA,NA,NA,NA,NA,NA,NA,NA,NA,
8/1/2019,OWA,NA,Owasco Lake,RT,SUSPICIOUS,SMALL LOCALIZED,42.755844,-76.472587,NA,NA,NA,NA,NA,NA,NA,NA,NA,
8/1/2019,OWA,NA,Owasco Lake,RT,SUSPICIOUS,LARGE LOCALIZED,42.83562639,-76.50436085,NA,NA,NA,NA,NA,NA,NA,NA,NA,
8/1/2019,PUB,NA,Owasco Lake,RT,SUSPICIOUS,LARGE LOCALIZED,42.755844,-76.472587,NA,NA,NA,NA,NA,NA,NA,NA,NA,
8/2/2019,DOH,NA,Owasco Lake,RT,SUSPICIOUS,SMALL LOCALIZED,42.9023,-76.53983,NA,NA,NA,NA,NA,NA,NA,NA,NA,
8/2/2019,DOH,NA,Owasco Lake,RT,SUSPICIOUS,SMALL LOCALIZED,42.88805,-76.51953,NA,NA,NA,NA,NA,NA,NA,NA,NA,
8/2/2019,OWA,NA,Owasco Lake,RT,SUSPICIOUS,SMALL LOCALIZED,42.90163118,-76.53277407,NA,NA,NA,NA,NA,NA,NA,NA,NA,
8/2/2019,OWA,NA,Owasco Lake,RT,SUSPICIOUS,LARGE LOCALIZED,42.83371,-76.50421,NA,NA,NA,NA,NA,NA,NA,NA,NA,
8/2/2019,OWA,NA,Owasco Lake,RT,SUSPICIOUS,NOT REPORTED,42.89459,-76.52556,NA,NA,NA,NA,NA,NA,NA,NA,NA,
8/2/2019,PUB,NA,Owasco Lake,RT,SUSPICIOUS,LARGE LOCALIZED,42.755844,-76.472587,NA,NA,NA,NA,NA,NA,NA,NA,NA,
8/2/2019,PUB,NA,Owasco Lake,RT,SUSPICIOUS,LARGE LOCALIZED,42.755844,-76.472587,NA,NA,NA,NA,NA,NA,NA,NA,NA,
8/2/2019,PUB,NA,Owasco Lake,RT,SUSPICIOUS,LARGE LOCALIZED,42.755844,-76.472587,NA,NA,NA,NA,NA,NA,NA,NA,NA,
8/3/2019,PUB,NA,Owasco Lake,RT,SUSPICIOUS,NOT REPORTED,42.755844,-76.472587,NA,NA,NA,NA,NA,NA,NA,NA,NA,
8/3/2019,PUB,NA,Owasco Lake,RT,SUSPICIOUS,SMALL LOCALIZED,42.755844,-76.472587,NA,NA,NA,NA,NA,NA,NA,NA,NA,
8/3/2019,PUB,NA,Owasco Lake,RT,SUSPICIOUS,SMALL LOCALIZED,42.755844,-76.472587,NA,NA,NA,NA,NA,NA,NA,NA,NA,
8/4/2019,PUB,NA,Owasco Lake,RT,SUSPICIOUS,SMALL LOCALIZED,42.755844,-76.472587,NA,NA,NA,NA,NA,NA,NA,NA,NA,
8/5/2019,CSL,19-61.2-05,Owasco Lake,OW,NO_BLOOM,OPEN WATER,42.79458,-76.493173,"unicellular coccoid green algae, Fragilaria",NA,0,10.6,0.6,8.7,1.3,UFI,Owasco Lake Site 2 Epi,<LOD
8/5/2019,OWA,NA,Owasco Lake,RT,NO_BLOOM,NO BLOOM PRESENT,42.74179,-76.5372,NA,NA,NA,NA,NA,NA,NA,NA,NA,
8/5/2019,OWA,NA,Owasco Lake,RT,NO_BLOOM,NO BLOOM PRESENT,41.48679,-76.83569,NA,NA,NA,NA,NA,NA,NA,NA,NA,
8/5/2019,OWA,NA,Owasco Lake,RT,NO_BLOOM,NO BLOOM PRESENT,42.88367,-76.54392,NA,NA,NA,NA,NA,NA,NA,NA,NA,
8/5/2019,OWA,NA,Owasco Lake,RT,NO_BLOOM,NO BLOOM PRESENT,42.82655,-76.52141,NA,NA,NA,NA,NA,NA,NA,NA,NA,
8/5/2019,OWA,NA,Owasco Lake,RT,NO_BLOOM,NO BLOOM PRESENT,42.85468,-76.5056,NA,NA,NA,NA,NA,NA,NA,NA,NA,
8/5/2019,OWA,NA,Owasco Lake,RT,NO_BLOOM,NO BLOOM PRESENT,42.74179,-76.51217,NA,NA,NA,NA,NA,NA,NA,NA,NA,
8/5/2019,OWA,NA,Owasco Lake,RT,NO_BLOOM,NO BLOOM PRESENT,42.74179,-76.52372,NA,NA,NA,NA,NA,NA,NA,NA,NA,
8/5/2019,OWA,NA,Owasco Lake,RT,SUSPICIOUS,SMALL LOCALIZED,42.89157,-76.52092,NA,NA,NA,NA,NA,NA,NA,NA,NA,
8/5/2019,OWA,NA,Owasco Lake,RT,NO_BLOOM,NO BLOOM PRESENT,42.84197,-76.50462,NA,NA,NA,NA,NA,NA,NA,NA,NA,
8/5/2019,OWA,NA,Owasco Lake,RT,NO_BLOOM,NO BLOOM PRESENT,42.74179,-76.50479,NA,NA,NA,NA,NA,NA,NA,NA,NA,
8/5/2019,OWA,NA,Owasco Lake,RT,NO_BLOOM,NO BLOOM PRESENT,42.74179,-76.50999,NA,NA,NA,NA,NA,NA,NA,NA,NA,
8/5/2019,OWA,NA,Owasco Lake,RT,NO_BLOOM,NO BLOOM PRESENT,42.74179,-76.51927,NA,NA,NA,NA,NA,NA,NA,NA,NA,
8/5/2019,OWA,NA,Owasco Lake,RT,NO_BLOOM,NO BLOOM PRESENT,42.74179,-76.51703,NA,NA,NA,NA,NA,NA,NA,NA,NA,
8/5/2019,OWA,NA,Owasco Lake,RT,NO_BLOOM,NO BLOOM PRESENT,42.74179,-76.5446,NA,NA,NA,NA,NA,NA,NA,NA,NA,
8/5/2019,OWA,NA,Owasco Lake,RT,NO_BLOOM,NO BLOOM PRESENT,42.741793,-76.502528,NA,NA,NA,NA,NA,NA,NA,NA,NA,
8/5/2019,OWA,NA,Owasco Lake,RT,NO_BLOOM,NO BLOOM PRESENT,42.74179,-76.51323,NA,NA,NA,NA,NA,NA,NA,NA,NA,
8/6/2019,OWA,NA,Owasco Lake,RT,NO_BLOOM,NO BLOOM PRESENT,42.74179,-76.52977,NA,NA,NA,NA,NA,NA,NA,NA,NA,
8/6/2019,OWA,NA,Owasco Lake,RT,NO_BLOOM,NO BLOOM PRESENT,42.74179,-76.47542,NA,NA,NA,NA,NA,NA,NA,NA,NA,
8/12/2019,CSL,19-61.1-03,Owasco Lake,OW,NO_BLOOM,OPEN WATER,42.8445,-76.516,NA,NA,0,8.1,0.6,5.9,1.6,UFI,Owasco Lake Site 1 Epi,
8/12/2019,OWA,NA,Owasco Lake,RT,NO_BLOOM,NO BLOOM PRESENT,42.89506,-76.52599,NA,NA,NA,NA,NA,NA,NA,NA,NA,
8/12/2019,OWA,NA,Owasco Lake,RT,NO_BLOOM,NO BLOOM PRESENT,42.74179,-76.51703,NA,NA,NA,NA,NA,NA,NA,NA,NA,
8/12/2019,OWA,NA,Owasco Lake,RT,NO_BLOOM,NO BLOOM PRESENT,42.74179,-76.47542,NA,NA,NA,NA,NA,NA,NA,NA,NA,
8/12/2019,OWA,NA,Owasco Lake,RT,NO_BLOOM,NO BLOOM PRESENT,42.74179,-76.51217,NA,NA,NA,NA,NA,NA,NA,NA,NA,
8/12/2019,OWA,NA,Owasco Lake,RT,NO_BLOOM,NO BLOOM PRESENT,42.741793,-76.502528,NA,NA,NA,NA,NA,NA,NA,NA,NA,
8/12/2019,OWA,NA,Owasco Lake,RT,NO_BLOOM,NO BLOOM PRESENT,42.88464,-76.543,NA,NA,NA,NA,NA,NA,NA,NA,NA,
8/12/2019,OWA,NA,Owasco Lake,RT,NO_BLOOM,NO BLOOM PRESENT,43.37593,-77.89427,NA,NA,NA,NA,NA,NA,NA,NA,NA,
8/12/2019,OWA,NA,Owasco Lake,RT,NO_BLOOM,NO BLOOM PRESENT,42.83348,-76.50382,NA,NA,NA,NA,NA,NA,NA,NA,NA,
8/12/2019,OWA,NA,Owasco Lake,RT,NO_BLOOM,NO BLOOM PRESENT,42.74179,-76.48413,NA,NA,NA,NA,NA,NA,NA,NA,NA,
8/12/2019,OWA,NA,Owasco Lake,RT,NO_BLOOM,NO BLOOM PRESENT,40.24056,-77.12846,NA,NA,NA,NA,NA,NA,NA,NA,NA,
8/12/2019,OWA,NA,Owasco Lake,RT,NO_BLOOM,NO BLOOM PRESENT,42.74179,-76.52372,NA,NA,NA,NA,NA,NA,NA,NA,NA,
8/12/2019,OWA,NA,Owasco Lake,RT,NO_BLOOM,NO BLOOM PRESENT,42.82676,-76.5218,NA,NA,NA,NA,NA,NA,NA,NA,NA,
8/12/2019,OWA,NA,Owasco Lake,RT,NO_BLOOM,NO BLOOM PRESENT,42.74179,-76.5446,NA,NA,NA,NA,NA,NA,NA,NA,NA,
8/13/2019,OWA,NA,Owasco Lake,RT,NO_BLOOM,NO BLOOM PRESENT,42.74179,-76.5372,NA,NA,NA,NA,NA,NA,NA,NA,NA,
8/16/2019,OWA,NA,Owasco Lake,RT,NO_BLOOM,NO BLOOM PRESENT,42.90233,-76.53009,NA,NA,NA,NA,NA,NA,NA,NA,NA,
8/19/2019,CSL,19-61.2-06,Owasco Lake,OW,NO_BLOOM,NO BLOOM PRESENT,42.79458,-76.493173,"Fragilaria, unicellular coccoid green algae",NA,0,11.7,0.3,3.8,7.6,UFI,Owasco Lake Site 2 Epi,<LOD
8/19/2019,CSL,19-61.2-99,Owasco Lake,OW,NO_BLOOM,NO BLOOM PRESENT,42.79458,-76.493173,Fragilaria,NA,0,15.6,1.1,4.3,10.2,UFI,Owasco Lake Site 2 Epi,<LOD
8/19/2019,OWA,NA,Owasco Lake,RT,NO_BLOOM,NO BLOOM PRESENT,42.82876,-76.52287,NA,NA,NA,NA,NA,NA,NA,NA,NA,
8/19/2019,OWA,NA,Owasco Lake,RT,NO_BLOOM,NO BLOOM PRESENT,42.82524,-76.52106,NA,NA,NA,NA,NA,NA,NA,NA,NA,
8/19/2019,OWA,NA,Owasco Lake,RT,NO_BLOOM,NO BLOOM PRESENT,42.74179,-76.5446,NA,NA,NA,NA,NA,NA,NA,NA,NA,
8/19/2019,OWA,NA,Owasco Lake,RT,NO_BLOOM,NO BLOOM PRESENT,42.88434,-76.54314,NA,NA,NA,NA,NA,NA,NA,NA,NA,
8/19/2019,OWA,NA,Owasco Lake,RT,NO_BLOOM,NO BLOOM PRESENT,43.80562,-79.70307,NA,NA,NA,NA,NA,NA,NA,NA,NA,
8/19/2019,OWA,NA,Owasco Lake,RT,NO_BLOOM,NO BLOOM PRESENT,42.74179,-76.50999,NA,NA,NA,NA,NA,NA,NA,NA,NA,
8/19/2019,OWA,NA,Owasco Lake,RT,NO_BLOOM,NO BLOOM PRESENT,42.74179,-76.51927,NA,NA,NA,NA,NA,NA,NA,NA,NA,
8/19/2019,OWA,NA,Owasco Lake,RT,NO_BLOOM,NO BLOOM PRESENT,42.74179,-76.5372,NA,NA,NA,NA,NA,NA,NA,NA,NA,
8/19/2019,OWA,NA,Owasco Lake,RT,NO_BLOOM,NO BLOOM PRESENT,34.77364,-77.43554,NA,NA,NA,NA,NA,NA,NA,NA,NA,
8/19/2019,OWA,NA,Owasco Lake,RT,NO_BLOOM,NO BLOOM PRESENT,42.74179,-76.50479,NA,NA,NA,NA,NA,NA,NA,NA,NA,
8/19/2019,OWA,NA,Owasco Lake,RT,NO_BLOOM,NO BLOOM PRESENT,42.74179,-76.48413,NA,NA,NA,NA,NA,NA,NA,NA,NA,
8/19/2019,OWA,NA,Owasco Lake,RT,NO_BLOOM,NO BLOOM PRESENT,42.741793,-76.502528,NA,NA,NA,NA,NA,NA,NA,NA,NA,
8/19/2019,OWA,NA,Owasco Lake,RT,NO_BLOOM,NO BLOOM PRESENT,42.74179,-76.53097,NA,NA,NA,NA,NA,NA,NA,NA,NA,
8/26/2019,OWA,NA,Owasco Lake,RT,NO_BLOOM,NO BLOOM PRESENT,34.92862,-80.44006,NA,NA,NA,NA,NA,NA,NA,NA,NA,
8/26/2019,OWA,NA,Owasco Lake,RT,NO_BLOOM,NO BLOOM PRESENT,42.8793,-76.51656,NA,NA,NA,NA,NA,NA,NA,NA,NA,
8/26/2019,OWA,NA,Owasco Lake,RT,NO_BLOOM,NO BLOOM PRESENT,42.8034,-76.48968,NA,NA,NA,NA,NA,NA,NA,NA,NA,
8/26/2019,OWA,NA,Owasco Lake,RT,NO_BLOOM,NO BLOOM PRESENT,42.90184,-76.52887,NA,NA,NA,NA,NA,NA,NA,NA,NA,
8/26/2019,OWA,NA,Owasco Lake,RT,NO_BLOOM,NO BLOOM PRESENT,42.88422,-76.5433,NA,NA,NA,NA,NA,NA,NA,NA,NA,
8/26/2019,OWA,NA,Owasco Lake,RT,NO_BLOOM,NO BLOOM PRESENT,42.74179,-76.48413,NA,NA,NA,NA,NA,NA,NA,NA,NA,
8/26/2019,OWA,NA,Owasco Lake,RT,NO_BLOOM,NO BLOOM PRESENT,42.82615,-76.52133,NA,NA,NA,NA,NA,NA,NA,NA,NA,
8/26/2019,OWA,NA,Owasco Lake,RT,NO_BLOOM,NO BLOOM PRESENT,42.82844,-76.52276,NA,NA,NA,NA,NA,NA,NA,NA,NA,
8/26/2019,OWA,NA,Owasco Lake,RT,NO_BLOOM,NO BLOOM PRESENT,42.82461,-76.52076,NA,NA,NA,NA,NA,NA,NA,NA,NA,
8/26/2019,OWA,NA,Owasco Lake,RT,NO_BLOOM,NO BLOOM PRESENT,42.89845,-76.53685,NA,NA,NA,NA,NA,NA,NA,NA,NA,
8/26/2019,OWA,NA,Owasco Lake,RT,NO_BLOOM,NO BLOOM PRESENT,42.8445,-76.516,NA,NA,NA,NA,NA,NA,NA,NA,NA,
8/26/2019,OWA,NA,Owasco Lake,RT,NO_BLOOM,NO BLOOM PRESENT,42.9017,-76.53533,NA,NA,NA,NA,NA,NA,NA,NA,NA,
8/26/2019,OWA,NA,Owasco Lake,RT,NO_BLOOM,NO BLOOM PRESENT,42.74179,-76.47542,NA,NA,NA,NA,NA,NA,NA,NA,NA,
8/26/2019,OWA,NA,Owasco Lake,RT,NO_BLOOM,NO BLOOM PRESENT,42.80162,-76.50928,NA,NA,NA,NA,NA,NA,NA,NA,NA,
8/26/2019,OWA,NA,Owasco Lake,RT,NO_BLOOM,NO BLOOM PRESENT,42.74179,-76.50479,NA,NA,NA,NA,NA,NA,NA,NA,NA,
9/2/2019,OWA,NA,Owasco Lake,RT,NO_BLOOM,NO BLOOM PRESENT,42.8034,-76.48968,NA,NA,NA,NA,NA,NA,NA,NA,NA,
9/2/2019,OWA,NA,Owasco Lake,RT,NO_BLOOM,NO BLOOM PRESENT,42.8445,-76.516,NA,NA,NA,NA,NA,NA,NA,NA,NA,
9/2/2019,OWA,NA,Owasco Lake,RT,NO_BLOOM,NO BLOOM PRESENT,42.89514,-76.52575,NA,NA,NA,NA,NA,NA,NA,NA,NA,
9/2/2019,OWA,NA,Owasco Lake,RT,NO_BLOOM,NO BLOOM PRESENT,42.74179,-76.47542,NA,NA,NA,NA,NA,NA,NA,NA,NA,
9/2/2019,OWA,NA,Owasco Lake,RT,NO_BLOOM,NO BLOOM PRESENT,42.88805,-76.51953,NA,NA,NA,NA,NA,NA,NA,NA,NA,
9/2/2019,OWA,NA,Owasco Lake,RT,NO_BLOOM,NO BLOOM PRESENT,42.80247,-76.50975,NA,NA,NA,NA,NA,NA,NA,NA,NA,
9/2/2019,OWA,NA,Owasco Lake,RT,NO_BLOOM,NO BLOOM PRESENT,42.74179,-76.48413,NA,NA,NA,NA,NA,NA,NA,NA,NA,
9/2/2019,OWA,NA,Owasco Lake,RT,NO_BLOOM,NO BLOOM PRESENT,42.88493,-76.54284,NA,NA,NA,NA,NA,NA,NA,NA,NA,
9/2/2019,OWA,NA,Owasco Lake,RT,NO_BLOOM,NO BLOOM PRESENT,42.85458,-76.50577,NA,NA,NA,NA,NA,NA,NA,NA,NA,
9/2/2019,OWA,NA,Owasco Lake,RT,NO_BLOOM,NO BLOOM PRESENT,42.87312,-76.53794,NA,NA,NA,NA,NA,NA,NA,NA,NA,
9/2/2019,OWA,NA,Owasco Lake,RT,NO_BLOOM,NO BLOOM PRESENT,42.74179,-76.50479,NA,NA,NA,NA,NA,NA,NA,NA,NA,
9/2/2019,OWA,NA,Owasco Lake,RT,NO_BLOOM,NO BLOOM PRESENT,42.79458,-76.49317,NA,NA,NA,NA,NA,NA,NA,NA,NA,
9/2/2019,OWA,NA,Owasco Lake,RT,NO_BLOOM,NO BLOOM PRESENT,42.82461,-76.52076,NA,NA,NA,NA,NA,NA,NA,NA,NA,
9/2/2019,OWA,NA,Owasco Lake,RT,NO_BLOOM,NO BLOOM PRESENT,42.89845,-76.53685,NA,NA,NA,NA,NA,NA,NA,NA,NA,
9/2/2019,OWA,NA,Owasco Lake,RT,NO_BLOOM,NO BLOOM PRESENT,42.741793,-76.502528,NA,NA,NA,NA,NA,NA,NA,NA,NA,
9/2/2019,OWA,NA,Owasco Lake,RT,NO_BLOOM,NO BLOOM PRESENT,42.82634,-76.52152,NA,NA,NA,NA,NA,NA,NA,NA,NA,
9/3/2019,CSL,19-61.1-04,Owasco Lake,OW,NO_BLOOM,OPEN WATER,42.8445,-76.516,NA,NA,0.5,4.5,0.7,2,1.4,UFI,Owasco Lake Site 1 Epi,
9/3/2019,CSL,19-61.2-07,Owasco Lake,OW,NO_BLOOM,OPEN WATER,42.79458,-76.493173,NA,NA,0.1,3.8,0.5,1.7,1.5,UFI,Owasco Lake Site 2 Epi,
9/3/2019,OWA,NA,Owasco Lake,RT,NO_BLOOM,NO BLOOM PRESENT,42.81662,-76.49867,NA,NA,NA,NA,NA,NA,NA,NA,NA,
9/3/2019,OWA,NA,Owasco Lake,RT,SUSPICIOUS,LARGE LOCALIZED,42.82189,-76.52029,NA,NA,NA,NA,NA,NA,NA,NA,NA,
9/3/2019,OWA,NA,Owasco Lake,RT,SUSPICIOUS,SMALL LOCALIZED,42.85481,-76.5058,NA,NA,NA,NA,NA,NA,NA,NA,NA,
9/3/2019,OWA,NA,Owasco Lake,RT,SUSPICIOUS,LARGE LOCALIZED,42.7559084,-76.47322273,NA,NA,NA,NA,NA,NA,NA,NA,NA,
9/3/2019,OWA,NA,Owasco Lake,RT,NO_BLOOM,NO BLOOM PRESENT,42.90055,-76.53026,NA,NA,NA,NA,NA,NA,NA,NA,NA,
9/3/2019,PUB,NA,Owasco Lake,RT,SUSPICIOUS,LARGE LOCALIZED,42.8287,-76.52334,NA,NA,NA,NA,NA,NA,NA,NA,NA,
9/5/2019,OWA,NA,Owasco Lake,RT,SUSPICIOUS,LARGE LOCALIZED,42.90289,-76.53095,NA,NA,NA,NA,NA,NA,NA,NA,NA,
9/5/2019,OWA,NA,Owasco Lake,RT,SUSPICIOUS,LARGE LOCALIZED,42.84369448,-76.52671167,NA,NA,NA,NA,NA,NA,NA,NA,NA,
9/5/2019,OWA,NA,Owasco Lake,RT,SUSPICIOUS,SMALL LOCALIZED,42.88805,-76.51953,NA,NA,NA,NA,NA,NA,NA,NA,NA,
9/5/2019,OWA,NA,Owasco Lake,RT,SUSPICIOUS,SMALL LOCALIZED,42.89445,-76.52578,NA,NA,NA,NA,NA,NA,NA,NA,NA,
9/5/2019,OWA,NA,Owasco Lake,RT,SUSPICIOUS,SMALL LOCALIZED,42.79458,-76.49317,NA,NA,NA,NA,NA,NA,NA,NA,NA,
9/5/2019,OWA,NA,Owasco Lake,RT,SUSPICIOUS,LARGE LOCALIZED,42.83573,-76.50395,NA,NA,NA,NA,NA,NA,NA,NA,NA,
9/5/2019,PUB,NA,Owasco Lake,RT,SUSPICIOUS,LARGE LOCALIZED,42.755844,-76.472587,NA,NA,NA,NA,NA,NA,NA,NA,NA,
9/5/2019,PUB,NA,Owasco Lake,RT,SUSPICIOUS,LARGE LOCALIZED,42.755844,-76.472587,NA,NA,NA,NA,NA,NA,NA,NA,NA,
9/6/2019,USGS,NA,Owasco Lake,RT,SUSPICIOUS,OPEN WATER,42.755844,-76.472587,NA,NA,NA,NA,NA,NA,NA,NA,NA,
9/6/2019,USGS,NA,Owasco Lake,RT,SUSPICIOUS,OPEN WATER,42.755844,-76.472587,NA,NA,NA,NA,NA,NA,NA,NA,NA,
9/9/2019,OWA,NA,Owasco Lake,RT,NO_BLOOM,NO BLOOM PRESENT,42.87312,-76.53794,NA,NA,NA,NA,NA,NA,NA,NA,NA,
9/9/2019,OWA,NA,Owasco Lake,RT,NO_BLOOM,NO BLOOM PRESENT,42.8264,-76.52151,NA,NA,NA,NA,NA,NA,NA,NA,NA,
9/9/2019,OWA,NA,Owasco Lake,RT,NO_BLOOM,NO BLOOM PRESENT,41.73322,-76.96753,NA,NA,NA,NA,NA,NA,NA,NA,NA,
9/9/2019,OWA,NA,Owasco Lake,RT,NO_BLOOM,NO BLOOM PRESENT,42.8034,-76.48968,NA,NA,NA,NA,NA,NA,NA,NA,NA,
9/9/2019,OWA,NA,Owasco Lake,RT,NO_BLOOM,NO BLOOM PRESENT,42.89845,-76.53685,NA,NA,NA,NA,NA,NA,NA,NA,NA,
9/9/2019,OWA,NA,Owasco Lake,RT,NO_BLOOM,NO BLOOM PRESENT,42.8445,-76.516,NA,NA,NA,NA,NA,NA,NA,NA,NA,
9/9/2019,OWA,NA,Owasco Lake,RT,NO_BLOOM,NO BLOOM PRESENT,42.88463,-76.54365,NA,NA,NA,NA,NA,NA,NA,NA,NA,
9/9/2019,OWA,NA,Owasco Lake,RT,NO_BLOOM,NO BLOOM PRESENT,42.741793,-76.502528,NA,NA,NA,NA,NA,NA,NA,NA,NA,
9/9/2019,OWA,NA,Owasco Lake,RT,NO_BLOOM,NO BLOOM PRESENT,42.88805,-76.51953,NA,NA,NA,NA,NA,NA,NA,NA,NA,
9/9/2019,OWA,NA,Owasco Lake,RT,NO_BLOOM,NO BLOOM PRESENT,42.79458,-76.49317,NA,NA,NA,NA,NA,NA,NA,NA,NA,
9/9/2019,OWA,NA,Owasco Lake,RT,NO_BLOOM,NO BLOOM PRESENT,42.74179,-76.50479,NA,NA,NA,NA,NA,NA,NA,NA,NA,
9/10/2019,OWA,NA,Owasco Lake,RT,NO_BLOOM,NO BLOOM PRESENT,42.89476,-76.52562,NA,NA,NA,NA,NA,NA,NA,NA,NA,
9/13/2019,OWA,NA,Owasco Lake,RT,NO_BLOOM,NO BLOOM PRESENT,42.8034,-76.48968,NA,NA,NA,NA,NA,NA,NA,NA,NA,
9/15/2019,OWA,NA,Owasco Lake,RT,SUSPICIOUS,SMALL LOCALIZED,42.75589265,-76.47323132,NA,NA,NA,NA,NA,NA,NA,NA,NA,
9/16/2019,CSL,19-61.1-05,Owasco Lake,OW,NO_BLOOM,OPEN WATER,42.8445,-76.516,NA,NA,0.8,5.2,0.8,2.2,1.3,UFI,Owasco Lake Site 1 Epi,
9/16/2019,CSL,19-61.2-08,Owasco Lake,OW,NO_BLOOM,OPEN WATER,42.79458,-76.493173,NA,NA,0.7,5.7,0.8,2.7,1.5,UFI,Owasco Lake Site 2 Epi,
9/16/2019,OWA,NA,Owasco Lake,RT,NO_BLOOM,NO BLOOM PRESENT,42.8445,-76.516,NA,NA,NA,NA,NA,NA,NA,NA,NA,
9/16/2019,OWA,NA,Owasco Lake,RT,NO_BLOOM,NO BLOOM PRESENT,42.81662,-76.49867,NA,NA,NA,NA,NA,NA,NA,NA,NA,
9/16/2019,OWA,NA,Owasco Lake,RT,NO_BLOOM,NO BLOOM PRESENT,42.83367,-76.50413,NA,NA,NA,NA,NA,NA,NA,NA,NA,
9/16/2019,OWA,NA,Owasco Lake,RT,NO_BLOOM,NO BLOOM PRESENT,42.88805,-76.51953,NA,NA,NA,NA,NA,NA,NA,NA,NA,
9/16/2019,OWA,NA,Owasco Lake,RT,NO_BLOOM,NO BLOOM PRESENT,42.8034,-76.48968,NA,NA,NA,NA,NA,NA,NA,NA,NA,
9/16/2019,OWA,NA,Owasco Lake,RT,SUSPICIOUS,SMALL LOCALIZED,42.8016,-76.50928,NA,NA,NA,NA,NA,NA,NA,NA,NA,
9/16/2019,OWA,NA,Owasco Lake,RT,SUSPICIOUS,LARGE LOCALIZED,42.86466,-76.53533,NA,NA,NA,NA,NA,NA,NA,NA,NA,
9/16/2019,OWA,NA,Owasco Lake,RT,NO_BLOOM,NO BLOOM PRESENT,42.89845,-76.53685,NA,NA,NA,NA,NA,NA,NA,NA,NA,
9/16/2019,OWA,NA,Owasco Lake,RT,NO_BLOOM,NO BLOOM PRESENT,42.741793,-76.502528,NA,NA,NA,NA,NA,NA,NA,NA,NA,
9/16/2019,OWA,NA,Owasco Lake,RT,SUSPICIOUS,SMALL LOCALIZED,42.82461,-76.52076,NA,NA,NA,NA,NA,NA,NA,NA,NA,
9/16/2019,PUB,NA,Owasco Lake,RT,SUSPICIOUS,SMALL LOCALIZED,42.76835036,-76.48023332,NA,NA,NA,NA,NA,NA,NA,NA,NA,
9/16/2019,OWA,19-3114-B1,Owasco Lake,SB,CONFIRMED_WITH_HIGH_TOXINS,SMALL LOCALIZED,42.75902903,-76.47541973,Microcystis,75,43.3,46.9,3.6,0,0,NA,Owasco Lake,>
9/16/2019,OWA,19-3115-B01,Owasco Lake,SB,CONFIRMED_WITH_HIGH_TOXINS,LARGE LOCALIZED,42.77215788,-76.48412618,"Microcystis, Dolichospermum",75,47.5,52.1,4.7,0,0,NA,Owasco Lake,>
9/16/2019,OWA,19-3117-B1,Owasco Lake,SB,CONFIRMED_WITH_HIGH_TOXINS,LARGE LOCALIZED,42.82461509,-76.5209963,"Microcystis, Dolichospermum",75,16.6,17.7,1.1,0,0,NA,Owasco Lake,>
9/16/2019,OWA,19-3123-B1,Owasco Lake,SB,CONFIRMED_WITH_HIGH_TOXINS,SMALL LOCALIZED,42.812944,-76.497225,Microcystis,75,22,23.5,1.5,0,0,NA,Owasco Lake,>
9/17/2019,OWA,NA,Owasco Lake,RT,NO_BLOOM,NO BLOOM PRESENT,42.79458,-76.49317,NA,NA,NA,NA,NA,NA,NA,NA,NA,
9/17/2019,OWA,NA,Owasco Lake,RT,SUSPICIOUS,SMALL LOCALIZED,42.75589265,-76.47320986,NA,NA,NA,NA,NA,NA,NA,NA,NA,
9/18/2019,OWA,NA,Owasco Lake,RT,SUSPICIOUS,SMALL LOCALIZED,42.8216834,-76.50173834,NA,NA,NA,NA,NA,NA,NA,NA,NA,
9/20/2019,OWA,NA,Owasco Lake,RT,SUSPICIOUS,LARGE LOCALIZED,42.89845,-76.53685,NA,NA,NA,NA,NA,NA,NA,NA,NA,
9/20/2019,PUB,NA,Owasco Lake,RT,SUSPICIOUS,SMALL LOCALIZED,42.755844,-76.472587,NA,NA,NA,NA,NA,NA,NA,NA,NA,
9/21/2019,PUB,NA,Owasco Lake,RT,SUSPICIOUS,OPEN WATER,42.755844,-76.472587,NA,NA,NA,NA,NA,NA,NA,NA,NA,
9/21/2019,PUB,NA,Owasco Lake,RT,SUSPICIOUS,SMALL LOCALIZED,42.755844,-76.472587,NA,NA,NA,NA,NA,NA,NA,NA,NA,
9/23/2019,OWA,NA,Owasco Lake,RT,NO_BLOOM,NO BLOOM PRESENT,42.74179,-76.48413,NA,NA,NA,NA,NA,NA,NA,NA,NA,
9/23/2019,OWA,NA,Owasco Lake,RT,NO_BLOOM,NO BLOOM PRESENT,42.8034,-76.48968,NA,NA,NA,NA,NA,NA,NA,NA,NA,
9/23/2019,OWA,NA,Owasco Lake,RT,NO_BLOOM,NO BLOOM PRESENT,42.88313,-76.51857,NA,NA,NA,NA,NA,NA,NA,NA,NA,
9/23/2019,OWA,NA,Owasco Lake,RT,NO_BLOOM,NO BLOOM PRESENT,42.82627,-76.52156,NA,NA,NA,NA,NA,NA,NA,NA,NA,
9/23/2019,OWA,NA,Owasco Lake,RT,NO_BLOOM,NO BLOOM PRESENT,42.89845,-76.53685,NA,NA,NA,NA,NA,NA,NA,NA,NA,
9/23/2019,OWA,NA,Owasco Lake,RT,NO_BLOOM,NO BLOOM PRESENT,5.68E-14,5.68E-14,NA,NA,NA,NA,NA,NA,NA,NA,NA,
9/23/2019,OWA,NA,Owasco Lake,RT,NO_BLOOM,NO BLOOM PRESENT,42.74179,-76.47542,NA,NA,NA,NA,NA,NA,NA,NA,NA,
9/23/2019,OWA,NA,Owasco Lake,RT,NO_BLOOM,NO BLOOM PRESENT,42.88805,-76.51953,NA,NA,NA,NA,NA,NA,NA,NA,NA,
9/23/2019,OWA,NA,Owasco Lake,RT,NO_BLOOM,SMALL LOCALIZED,42.90503,-76.54178,NA,NA,NA,NA,NA,NA,NA,NA,NA,
9/23/2019,OWA,NA,Owasco Lake,RT,NO_BLOOM,NO BLOOM PRESENT,42.895,-76.52596,NA,NA,NA,NA,NA,NA,NA,NA,NA,
9/23/2019,OWA,NA,Owasco Lake,RT,NO_BLOOM,NO BLOOM PRESENT,42.82461,-76.52076,NA,NA,NA,NA,NA,NA,NA,NA,NA,
9/24/2019,OWA,NA,Owasco Lake,RT,NO_BLOOM,NO BLOOM PRESENT,42.79458,-76.49317,NA,NA,NA,NA,NA,NA,NA,NA,NA,
9/24/2019,OWA,NA,Owasco Lake,RT,NO_BLOOM,NO BLOOM PRESENT,42.80374,-76.51127,NA,NA,NA,NA,NA,NA,NA,NA,NA,
9/24/2019,OWA,NA,Owasco Lake,RT,NO_BLOOM,NO BLOOM PRESENT,39.05018,-77.75111,NA,NA,NA,NA,NA,NA,NA,NA,NA,
9/30/2019,CSL,19-61.1-06,Owasco Lake,OW,NO_BLOOM,OPEN WATER,42.8445,-76.516,NA,NA,1.2,5.3,1.1,1.7,1.3,UFI,Owasco Lake Site 1 Epi,
9/30/2019,OWA,NA,Owasco Lake,RT,NO_BLOOM,NO BLOOM PRESENT,42.81662,-76.49867,NA,NA,NA,NA,NA,NA,NA,NA,NA,
9/30/2019,OWA,NA,Owasco Lake,RT,NO_BLOOM,NO BLOOM PRESENT,42.82494,-76.52097,NA,NA,NA,NA,NA,NA,NA,NA,NA,
9/30/2019,OWA,NA,Owasco Lake,RT,NO_BLOOM,NO BLOOM PRESENT,42.8842,-76.54403,NA,NA,NA,NA,NA,NA,NA,NA,NA,
9/30/2019,OWA,NA,Owasco Lake,RT,NO_BLOOM,NO BLOOM PRESENT,42.80309,-76.50996,NA,NA,NA,NA,NA,NA,NA,NA,NA,
9/30/2019,OWA,NA,Owasco Lake,RT,NO_BLOOM,NO BLOOM PRESENT,42.89845,-76.53685,NA,NA,NA,NA,NA,NA,NA,NA,NA,
9/30/2019,OWA,NA,Owasco Lake,RT,NO_BLOOM,NO BLOOM PRESENT,42.83452,-76.50423,NA,NA,NA,NA,NA,NA,NA,NA,NA,
9/30/2019,OWA,NA,Owasco Lake,RT,NO_BLOOM,NO BLOOM PRESENT,42.79458,-76.49317,NA,NA,NA,NA,NA,NA,NA,NA,NA,
9/30/2019,OWA,NA,Owasco Lake,RT,NO_BLOOM,NO BLOOM PRESENT,42.83346,-76.52505,NA,NA,NA,NA,NA,NA,NA,NA,NA,
9/30/2019,OWA,NA,Owasco Lake,RT,NO_BLOOM,NO BLOOM PRESENT,42.74179,-76.48413,NA,NA,NA,NA,NA,NA,NA,NA,NA,
9/30/2019,OWA,NA,Owasco Lake,RT,NO_BLOOM,NO BLOOM PRESENT,42.74179,-76.47542,NA,NA,NA,NA,NA,NA,NA,NA,NA,
9/30/2019,OWA,NA,Owasco Lake,RT,NO_BLOOM,NO BLOOM PRESENT,42.8034,-76.48968,NA,NA,NA,NA,NA,NA,NA,NA,NA,
9/30/2019,OWA,NA,Owasco Lake,RT,NO_BLOOM,NO BLOOM PRESENT,42.83367,-76.50419,NA,NA,NA,NA,NA,NA,NA,NA,NA,
9/30/2019,OWA,NA,Owasco Lake,RT,NO_BLOOM,NO BLOOM PRESENT,39.5676,-77.46435,NA,NA,NA,NA,NA,NA,NA,NA,NA,
9/30/2019,OWA,NA,Owasco Lake,RT,NO_BLOOM,NO BLOOM PRESENT,42.741793,-76.502528,NA,NA,NA,NA,NA,NA,NA,NA,NA,
10/1/2019,OWA,NA,Owasco Lake,RT,NO_BLOOM,NO BLOOM PRESENT,42.89465,-76.52584,NA,NA,NA,NA,NA,NA,NA,NA,NA,
10/8/2019,OWA,NA,Owasco Lake,RT,SUSPICIOUS,SMALL LOCALIZED,42.75587689,-76.4731884,NA,NA,NA,NA,NA,NA,NA,NA,NA,
10/8/2019,PUB,NA,Owasco Lake,RT,SUSPICIOUS,LARGE LOCALIZED,42.755844,-76.472587,NA,NA,NA,NA,NA,NA,NA,NA,NA,
10/9/2019,OWA,NA,Owasco Lake,RT,SUSPICIOUS,SMALL LOCALIZED,42.75587689,-76.47320986,NA,NA,NA,NA,NA,NA,NA,NA,NA,
10/9/2019,PUB,NA,Owasco Lake,RT,SUSPICIOUS,SMALL LOCALIZED,42.755844,-76.472587,NA,NA,NA,NA,NA,NA,NA,NA,NA,
10/10/2019,OWA,NA,Owasco Lake,RT,SUSPICIOUS,SMALL LOCALIZED,42.7559084,-76.4731884,NA,NA,NA,NA,NA,NA,NA,NA,NA,
10/11/2019,OWA,NA,Owasco Lake,RT,SUSPICIOUS,LARGE LOCALIZED,42.75540423,-76.47336006,NA,NA,NA,NA,NA,NA,NA,NA,NA,
